1,1_C-1,4
2,1_C-1,5
3,1_C-1-Q,21
4,1_C-1-Q,4
5,1_C-1-Q,5
6,1_C-2,19
7,1_C-2,2
8,1_C-2,21
9,1_C-2,4
10,1_C-2,5
11,1_C-2,7
12,1_C-2-Q,16
13,1_C-2-Q,2
14,1_C-2-Q,21
15,1_C-2-Q,4
16,1_C-2-Q,5
17,1_C-L,13
18,1_C-L,16
19,1_C-L,21
20,1_C-L,4
21,1_C-L,5
22,1_C-M,14
23,1_C-M,16
24,1_C-M,2
25,1_C-M,4
26,1_C-M,5
27,1_C-M,7
28,1_C-T,19
29,1_C-T,21
30,1_C-T,4
31,1_C-T,5
32,1_C-T,7
33,1_C-T-Q,13
34,1_C-T-Q,14
35,1_C-T-Q,5
36,1_C-T-Q,7
37,1_C-T-Q,8
38,1_C-T-Q/C-2-Q,5
39,1_C-T-Q/C-2-Q,7
40,1_C-T-Q/RD-M-Q,19
41,1_C-T-Q/RD-M-Q,2
42,1_C-T-Q/RD-M-Q,21
43,1_C-T-Q/RD-M-Q,4
44,1_C-T-Q/RD-M-Q,5
45,1_C-T-Q/RD-M-Q,7
3957,1_RD-M,1
3958,1_RD-M,7
48,1_L-C,1
49,1_L-C,12
50,1_L-C,19
51,1_L-C,8
52,1_L-C,9
53,1_M,1
54,1_M,2
55,1_M,21
56,1_M,4
57,1_M,6
58,1_M-Q,2
59,1_M-Q,4
60,1_O,2
61,1_O,4
62,1_O-Q/P-M-Q,4
63,1_P-C,1
64,1_P-C,12
65,1_P-C,13
66,1_P-C,14
67,1_P-C,15
68,1_P-C,16
69,1_P-C,19
70,1_P-C,2
71,1_P-C,20
72,1_P-C,21
73,1_P-C,4
74,1_P-C,5
75,1_P-C,6
76,1_P-C,7
77,1_P-C,8
78,1_P-C,9
79,1_P-M,15
80,1_P-M,16
81,1_P-M,2
82,1_P-M,4
83,1_P-M,5
84,1_P-M,6
85,1_P-M,7
86,1_P-M-Q,2
87,1_P-M-Q,4
88,1_P-M/O,2
89,1_P-U,1
90,1_P-U,2
91,1_P-U,5
92,1_R-1,1
3949,1_R-2,1
3950,1_R-P,1
3951,1_R-P-Q,5
96,1_R-1,19
3952,1_R-P-Q,21
98,1_R-1,20
3953,1_R-A-10000-Q,1
3954,1_R-A-2.5,1
3955,1_E-A,1
3956,1_E-A-Q,1
103,1_R-1-0.5Q,19
104,1_R-1-10000,1
3959,3_RPCD,19
3960,3_RPCD,20
107,1_R-1-10000,19
108,1_R-1-10000,20
3961,3_R-5,20
110,1_R-1-10000-Q,1
111,1_R-1-10000-Q,19
112,1_R-1-10000-Q,20
3962,3_R-5,19
114,1_R-1-15000,19
3980,4_RM-East,20
116,1_R-1-15000,20
3981,4_RM-East,13
118,1_R-1-25000,19
119,1_R-1-25000,20
120,1_R-1-30000,19
121,1_R-1-30000,20
122,1_R-1-8000,1
3982,4_RM-West,20
124,1_R-1-8000,19
125,1_R-1-8000,20
126,1_R-1-9000,19
127,1_R-1-9500,1
128,1_R-1-9500,19
3983,4_RM-West,13
130,1_R-1-9500,20
131,1_R-1-Q,1
3984,4_RM-Central,20
133,1_R-1-Q,19
134,1_R-1-Q,20
135,1_R-2,19
136,1_R-2,20
137,1_R-2,21
3985,4_RM-Central,13
3986,4_RM-South,20
3987,4_RC,5
141,1_R-3,19
142,1_R-3,20
143,1_R-3,21
3988,4_RC,12
3989,4_RC,21
147,1_R-3-Q,19
148,1_R-3-Q,21
150,1_R-A-10000,1
151,1_R-A-10000,19
155,1_R-A-10000-Q,19
156,1_R-A-2.5,19
157,1_R-E,1
158,1_R-E,19
160,1_R-P,19
161,1_R-P,20
162,1_R-P,21
163,1_R-P,4
164,1_R-P,5
167,1_R-P-Q,1
169,1_R-P-Q,19
170,1_R-P-Q,20
171,1_R-P-Q,4
172,1_R-T,19
173,1_R-T,20
174,1_R-T,21
175,1_R-T,5
176,1_R-T,7
177,1_R-W,19
178,1_R-W,20
179,1_R-W,21
184,1_RD-M,19
185,1_RD-M,20
186,1_RD-M,21
189,1_RD-M-Q,1
191,1_RD-M-Q,19
193,1_RD-M-Q,20
194,1_RD-M-Q,21
198,1_RD-M-Q,7
202,1_RMHP,22
203,1_V-R,12
204,1_V-R,13
205,1_V-R,15
206,1_V-R,16
207,1_V-R,19
208,1_V-R,2
209,1_V-R,20
210,1_V-R,21
211,1_V-R,4
212,1_V-R,5
213,1_V-R,7
214,1_V-R,9
215,10_CC,20
216,10_CC,21
217,10_CC,4
218,10_CC,5
219,10_GC,12
220,10_GC,13
221,10_GC,16
222,10_GC,19
223,10_GC,2
224,10_GC,20
225,10_GC,21
226,10_GC,4
227,10_GC,5
228,10_GC,7
229,10_GC,8
230,10_HC,19
231,10_HC,2
232,10_HC,20
233,10_HC,21
234,10_HC,4
235,10_HC,5
236,10_LC,1
237,10_LC,13
238,10_LC,19
239,10_LC,2
240,10_LC,20
241,10_LC,5
242,10_LI,2
243,10_LI,4
244,10_LI,5
245,10_RL,16
246,10_RL,19
247,10_RL,2
248,10_RL,20
249,10_RLM,1
250,10_RLM,12
251,10_RLM,13
252,10_RLM,14
253,10_RLM,15
254,10_RLM,16
255,10_RLM,19
256,10_RLM,20
257,10_RLM,21
258,10_RLM,22
259,10_RLM,4
260,10_RLM,5
261,10_RLM,6
262,10_RLM,8
263,10_RM,12
264,10_RM,19
265,10_RM,20
266,10_RM,21
267,10_RM,4
268,10_RM,5
269,10_RMH,13
270,10_RMH,15
271,10_RMH,19
272,10_RMH,20
273,10_RMH,21
274,10_RMH,5
275,10_RMH,8
276,10_RP,20
277,10_RP,21
278,10_RP,4
279,10_RP,5
280,11_CA,4
281,11_CA,5
282,11_CL,13
283,11_CL,2
284,11_CL,4
285,11_CL,5
286,11_CL,8
287,11_CT,14
288,11_CT,16
289,11_CT,5
290,11_CT,7
291,11_IC,15
292,11_IC,8
293,11_RM-1,16
294,11_RM-1,19
295,11_RM-1,20
3975,4_FW,1
3976,4_PP,14
3977,4_PP,15
3978,4_PP,26
3979,4_PP,27
3990,5_RS-40,19
3991,5_RS-20,19
3992,5_RS-14,19
3993,5_RS-9,19
3994,5_RS-6,19
3995,5_RM-6000,19
3996,5_RM-6000,20
3997,5_RM-6000,21
3998,5_RM-4300,19
3999,5_RM-4300,20
4000,5_RM-4300,21
4001,5_RM-2500,19
4002,5_RM-2500,20
4003,5_RM-2500,21
4004,5_RM-2200,19
4005,5_RM-2200,20
4006,5_RM-2200,21
4007,5_RM-1450,19
4008,5_RM-1450,20
4009,5_RM-1450,21
4010,5_RM-HR,19
4011,5_RM-HR,20
4012,5_RM-HR,21
4013,5_C-N,5
4014,5_C-G,5
4015,5_P,25
4016,5_M,2
4017,5_M,3
4018,5_O-S,26
296,11_RM-1,21
297,11_RM-2,13
298,11_RM-2,15
299,11_RM-2,19
300,11_RM-2,20
301,11_RM-2,21
302,11_RM-3,1
303,11_RM-3,15
304,11_RM-3,16
305,11_RM-3,19
306,11_RM-3,20
307,11_RM-3,21
308,11_RS-1,19
309,11_RS-1,2
310,11_RS-1,20
311,11_RS-2,13
312,11_RS-2,19
313,11_RS-2,2
314,11_RS-2,20
315,11_RS-2,21
316,11_RS-2,22
317,11_RS-2,4
318,11_RS-2,5
319,11_RS-2,8
320,11_RS-3,13
321,11_RS-3,15
322,11_RS-3,19
323,11_RS-3,20
324,11_RS-3,21
325,12_A,1
326,12_A,12
327,12_A,19
328,12_A,2
329,12_A-EQ,1
330,12_A-EQ,5
331,12_A-SP,1
332,12_CC,12
333,12_CC,16
334,12_CC,2
335,12_CC,21
336,12_CC,4
337,12_CC,5
338,12_CC,6
339,12_CC,7
340,12_CC,8
341,12_CC-SP,5
342,12_CG,13
343,12_CG,14
344,12_CG,19
345,12_CG,2
346,12_CG,20
347,12_CG,21
348,12_CG,4
349,12_CG,5
350,12_CG,6
351,12_CG-PBD,12
352,12_CG-PBD,13
353,12_CG-PBD,5
354,12_CL,10
355,12_CL,13
356,12_CL,16
357,12_CL,19
358,12_CL,2
359,12_CL,21
360,12_CL,4
361,12_CL,5
362,12_CL,7
363,12_CL-MP1,15
364,12_CL-SP-EQ,5
365,12_CN,10
366,12_CN,21
367,12_CN,4
368,12_CN,5
369,12_CN,6
370,12_CN,8
371,12_CN-SP-EQ,20
372,12_CN-SP-EQ,4
373,12_CN-SP-EQ,5
374,12_CP,12
375,12_CP,13
376,12_CP,16
377,12_CP,19
378,12_CP,2
379,12_CP,20
380,12_CP,21
381,12_CP,4
382,12_CP,5
383,12_CR,21
384,12_CR,4
385,12_CR,5
386,12_CS-HO,14
387,12_CS-HO,15
388,12_CS-HO,16
389,12_CS-HO,19
390,12_CS-HO,2
391,12_CS-HO,21
392,12_CS-HO,4
393,12_CS-HO,5
394,12_CS-HO,7
395,12_CS-HO-H,4
396,12_CS-HO-H,5
397,12_CS-L,2
398,12_CS-L,5
399,12_CS-L-H,16
400,12_CS-L-H,20
401,12_CS-L-H,5
402,12_CV,19
403,12_CV,21
404,12_CV,4
405,12_CV,5
406,12_CV,6
407,12_D,13
408,12_D,14
409,12_D,15
410,12_D,16
411,12_D,19
412,12_D,2
413,12_D,20
414,12_D,21
415,12_D,22
416,12_D,4
417,12_D,5
418,12_D,6
419,12_D,7
420,12_D-SMH,22
421,12_D-SMH,6
422,12_IG,13
423,12_IG,2
424,12_IG,5
425,12_IG,6
426,12_IL,1
427,12_IL,13
428,12_IL,15
429,12_IL,16
430,12_IL,19
431,12_IL,2
432,12_IL,4
433,12_IL,5
434,12_IL,6
435,12_IL,7
436,12_PD-1,13
437,12_PD-1,15
438,12_PD-1,16
439,12_PD-1,19
440,12_PD-1,2
441,12_PD-1,21
442,12_PD-1,4
443,12_PD-1,5
444,12_PD-1,6
445,12_PD-1,8
446,12_PD-10,15
447,12_PD-10,19
448,12_PD-11,19
449,12_PD-12,15
450,12_PD-12,20
451,12_PD-13,19
452,12_PD-14,15
453,12_PD-14,19
454,12_PD-15,19
455,12_PD-17,19
456,12_PD-18-H,15
457,12_PD-18-H,19
458,12_PD-19-H,13
459,12_PD-19-H,16
460,12_PD-2,15
461,12_PD-2,19
462,12_PD-2,20
463,12_PD-2,21
464,12_PD-20,21
465,12_PD-21-SP-EQ,20
466,12_PD-3,21
467,12_PD-3,5
468,12_PD-3,8
469,12_PD-4,19
470,12_PD-5,15
471,12_PD-5,19
472,12_PD-6,15
473,12_PD-6,19
474,12_PD-7,15
475,12_PD-7,19
476,12_PD-8,19
477,12_PD-8,21
478,12_PD-9,15
479,12_PD-9,19
480,12_PD-9,21
481,12_PS,1
482,12_PS,10
483,12_PS,12
484,12_PS,13
485,12_PS,14
486,12_PS,15
487,12_PS,16
488,12_PS,19
489,12_PS,2
490,12_PS,21
491,12_PS,4
492,12_PS,5
493,12_PS,6
494,12_PS,8
495,12_PS,9
496,12_PS-H,13
497,12_PS-H,16
498,12_PS-SP,8
499,12_RE-A,1
500,12_RE-A,13
501,12_RE-A,15
502,12_RE-A,16
503,12_RE-A,19
504,12_RE-A-MP-1,15
505,12_RE-A-MP-1,19
506,12_RE-B,1
507,12_RE-B,13
508,12_RE-B,15
509,12_RE-B,19
510,12_RE-B,2
511,12_RE-B,20
512,12_RE-B,21
513,12_RE-B,8
514,12_RE-B-EQ,19
515,12_RE-B-EQ,20
516,12_RE-B-EQ,9
517,12_RE-B-HD,19
518,12_RE-B-MP-1,19
519,12_RE-B-SP,1
520,12_RE-B-SP,19
521,12_RE-B-SP-EQ,19
522,12_RE-B-SP-EQ,9
523,12_RH,12
524,12_RH,13
525,12_RH,19
526,12_RH,20
527,12_RH,21
528,12_RH,4
529,12_RH,5
530,12_RH-U,12
531,12_RH-U,13
532,12_RH-U,15
533,12_RH-U,19
534,12_RH-U,2
535,12_RH-U,20
536,12_RH-U,21
537,12_RH-U,22
538,12_RH-U,5
539,12_RH-U-SMH,21
540,12_RH-U-SMH,22
541,12_RM-A,14
542,12_RM-A,15
543,12_RM-A,19
544,12_RM-A,2
545,12_RM-A,20
546,12_RM-A,21
547,12_RM-A,22
548,12_RM-A-EQ,20
549,12_RM-A-H,20
550,12_RM-A-H,22
551,12_RM-A-H,6
552,12_RM-A-MP1,19
553,12_RM-A-SMH,20
554,12_RM-A-SMH,22
555,12_RM-A-SP,15
556,12_RM-A-SP,19
557,12_RM-A-SP-EQ,13
558,12_RM-A-SP-EQ,15
559,12_RM-A-SP-EQ,19
560,12_RM-A-SP-EQ,20
561,12_RM-B,15
562,12_RM-B,19
563,12_RM-B,2
564,12_RM-B,20
565,12_RM-B,21
566,12_RM-B,5
567,12_RM-B-H,20
568,12_RM-B-H,21
569,12_RM-B-SP,20
570,12_RM-B-SP,21
571,12_RM-C,19
572,12_RM-C,20
573,12_RM-C,21
574,12_RM-C,22
575,12_RM-C,5
576,12_RM-C,8
577,12_RS,1
578,12_RS,13
579,12_RS,15
580,12_RS,16
581,12_RS,19
582,12_RS,2
583,12_RS,20
584,12_RS,21
585,12_RS,5
586,12_RS,8
587,12_RS-EQ,19
588,12_RS-H,19
589,12_RS-H,20
590,12_RS-H,8
591,12_RS-HD,19
592,12_RS-MP-1,19
593,12_RS-MP-1,8
594,12_RS-SP,19
595,12_RS-SP-EQ,1
596,12_RS-SP-EQ,19
597,12_RS-SP-EQ,8
598,12_RT,19
599,12_RT,20
600,12_RT,21
601,12_RT,7
602,13_AGC,2
603,13_AGC,5
604,13_CB,19
605,13_CB,21
606,13_CB,4
607,13_CB,5
608,13_CB,7
609,13_CB,8
610,13_CG,15
611,13_CG,2
612,13_CG,20
613,13_CG,4
614,13_CG,5
615,13_CG,7
616,13_CG,8
617,13_CN,5
618,13_CO,12
619,13_CO,13
620,13_CO,21
621,13_CO,4
622,13_CO,5
623,13_CO,8
624,13_HC,12
625,13_MHP,15
626,13_MHP,19
627,13_MHP,20
628,13_MHP,22
629,13_MU,15
630,13_MU,21
631,13_MU,4
632,13_MU,5
633,13_OS-R,1
634,13_OS-R,14
635,13_OS-R,15
636,13_OS-R,19
637,13_OS-R,5
638,13_PF,15
639,13_PF,16
640,13_PF,2
641,13_PF,6
642,13_PF,8
643,13_PF,9
644,13_RA,15
645,13_RA,20
646,13_RA,21
647,13_RA,5
648,13_RC,15
649,13_RC,19
650,13_RC,20
651,13_RC,21
652,13_RC,5
653,13_RR-A,1
654,13_RR-A,12
655,13_RR-A,13
656,13_RR-A,19
657,13_RR-A,2
658,13_RR-B,1
659,13_RR-B,16
660,13_RR-B,19
661,13_RR-B,20
662,13_RR-C,1
663,13_RR-C,12
664,13_RR-C,13
665,13_RR-C,14
666,13_RR-C,15
667,13_RR-C,16
668,13_RR-C,19
669,13_RR-C,2
670,13_RR-C,20
671,13_RR-C,21
672,13_RR-C,5
673,13_RR-C,8
674,13_RR-C,9
675,13_RS-1,19
676,13_RS-1,20
677,13_RS-1,8
678,13_RS-2,1
679,13_RS-2,13
680,13_RS-2,15
681,13_RS-2,16
682,13_RS-2,19
683,13_RS-2,20
684,13_RS-2,5
685,13_RS-3,19
686,13_RS-3,2
687,13_RS-3,20
688,13_RS-3,5
689,13_RS-4,1
690,13_RS-4,13
691,13_RS-4,15
692,13_RS-4,16
693,13_RS-4,19
694,13_RS-4,2
695,13_RS-4,20
696,13_RS-4,21
697,13_RS-4,5
698,13_RS-4,8
699,13_RS-7,13
700,13_RS-7,15
701,13_RS-7,19
702,13_RS-7,20
703,13_RS-7,21
704,13_RS-7,5
705,13_TC,15
706,13_TC,16
707,13_TC,2
708,13_TC,21
709,13_TC,4
710,13_TC,5
711,14_AG-1-1,1
712,14_AG-1-1,15
713,14_AG-1-1,16
714,14_AG-1-1,19
715,14_AG-1-1,2
716,14_AR-1-1,1
717,14_AR-1-1,12
718,14_AR-1-1,13
719,14_AR-1-1,14
720,14_AR-1-1,15
721,14_AR-1-1,16
722,14_AR-1-1,19
723,14_AR-1-1,2
724,14_AR-1-1,20
725,14_AR-1-1,21
726,14_AR-1-1,4
727,14_AR-1-1,5
728,14_AR-1-1,6
729,14_AR-1-1,7
730,14_AR-1-1,8
731,14_AR-1-1,9
732,14_AR-1-2,1
733,14_AR-1-2,10
734,14_AR-1-2,12
735,14_AR-1-2,13
736,14_AR-1-2,14
737,14_AR-1-2,15
738,14_AR-1-2,16
739,14_AR-1-2,19
740,14_AR-1-2,2
741,14_AR-1-2,20
742,14_AR-1-2,21
743,14_AR-1-2,22
744,14_AR-1-2,4
745,14_AR-1-2,7
746,14_AR-1-2,8
747,14_AR-1-2,9
748,14_BLPD-REDEVLP-SUBD,12
749,14_BLPD-REDEVLP-SUBD,13
750,14_BLPD-REDEVLP-SUBD,15
751,14_BLPD-REDEVLP-SUBD,16
752,14_BLPD-REDEVLP-SUBD,19
753,14_BLPD-REDEVLP-SUBD,2
754,14_BLPD-REDEVLP-SUBD,20
755,14_BLPD-REDEVLP-SUBD,21
756,14_BLPD-REDEVLP-SUBD,4
757,14_BLPD-REDEVLP-SUBD,5
758,14_BLPD-REDEVLP-SUBD,6
759,14_BLPD-REDEVLP-SUBD,7
760,14_BLPD-REDEVLP-SUBD,8
761,14_BLPD-SUBD-A,19
762,14_BLPD-SUBD-A,20
763,14_BLPD-SUBD-A,21
764,14_BLPD-SUBD-A,5
765,14_BLPD-SUBD-B,16
766,14_BLPD-SUBD-B,19
767,14_BLPD-SUBD-B,2
768,14_BLPD-SUBD-B,20
769,14_BLPD-SUBD-B,21
770,14_BLPD-SUBD-B,4
771,14_BLPD-SUBD-B,5
772,14_BLPD-SUBD-C,12
773,14_BLPD-SUBD-C,19
774,14_BLPD-SUBD-C,20
775,14_BLPD-SUBD-C,21
776,14_BLPD-SUBD-C,5
777,14_BLPD-SUBD-D,15
778,14_BLPD-SUBD-D,2
779,14_BLPD-SUBD-D,3
780,14_BLPD-SUBD-D,4
781,14_BLPD-SUBD-D,5
782,14_CC-1-1,13
783,14_CC-1-1,16
784,14_CC-1-1,21
785,14_CC-1-1,4
786,14_CC-1-1,5
787,14_CC-1-2,13
788,14_CC-1-3,12
789,14_CC-1-3,14
790,14_CC-1-3,15
791,14_CC-1-3,16
792,14_CC-1-3,19
793,14_CC-1-3,2
794,14_CC-1-3,20
795,14_CC-1-3,21
796,14_CC-1-3,4
797,14_CC-1-3,5
798,14_CC-1-3,6
799,14_CC-1-3,7
800,14_CC-1-3,8
801,14_CC-2-3,12
802,14_CC-2-3,13
803,14_CC-2-3,14
804,14_CC-2-3,16
805,14_CC-2-3,19
806,14_CC-2-3,2
807,14_CC-2-3,20
808,14_CC-2-3,21
809,14_CC-2-3,22
810,14_CC-2-3,4
811,14_CC-2-3,5
812,14_CC-2-3,7
813,14_CC-2-3,8
814,14_CC-3-4,15
815,14_CC-3-4,16
816,14_CC-3-4,19
817,14_CC-3-4,20
818,14_CC-3-4,21
819,14_CC-3-4,4
820,14_CC-3-4,5
821,14_CC-3-4,6
822,14_CC-3-5,13
823,14_CC-3-5,16
824,14_CC-3-5,19
825,14_CC-3-5,2
826,14_CC-3-5,20
827,14_CC-3-5,21
828,14_CC-3-5,4
829,14_CC-3-5,5
830,14_CC-4-2,10
831,14_CC-4-2,12
832,14_CC-4-2,13
833,14_CC-4-2,14
834,14_CC-4-2,16
835,14_CC-4-2,19
836,14_CC-4-2,2
837,14_CC-4-2,20
838,14_CC-4-2,21
839,14_CC-4-2,4
840,14_CC-4-2,5
841,14_CC-4-2,6
842,14_CC-4-2,7
843,14_CC-4-3,13
844,14_CC-4-3,21
845,14_CC-4-3,4
846,14_CC-4-3,5
847,14_CC-4-5,19
848,14_CC-4-5,2
849,14_CC-4-5,20
850,14_CC-4-5,21
851,14_CC-4-5,4
852,14_CC-4-5,5
853,14_CC-5-1,16
854,14_CC-5-1,2
855,14_CC-5-1,21
856,14_CC-5-1,4
857,14_CC-5-1,5
858,14_CC-5-3,12
859,14_CC-5-3,14
860,14_CC-5-3,2
861,14_CC-5-3,21
862,14_CC-5-3,4
863,14_CC-5-3,5
864,14_CC-5-3,8
865,14_CC-5-4,13
866,14_CC-5-4,16
867,14_CC-5-4,19
868,14_CC-5-4,2
869,14_CC-5-4,20
870,14_CC-5-4,21
871,14_CC-5-4,4
872,14_CC-5-4,5
873,14_CC-5-4,6
874,14_CC-5-5,2
875,14_CC-5-5,4
876,14_CC-5-5,7
877,14_CCDC-AWAITS-CCC-APPR,16
878,14_CCDC-AWAITS-CCC-APPR,2
879,14_CCDC-AWAITS-CCC-APPR,21
880,14_CCDC-AWAITS-CCC-APPR,4
881,14_CCDC-AWAITS-CCC-APPR,5
882,14_CCDC-AWAITS-CCC-APPR,6
883,14_CCDC-AWAITS-CCC-APPR,7
884,14_CCPD-BP,14
885,14_CCPD-BP,15
886,14_CCPD-BP,16
887,14_CCPD-BP,2
888,14_CCPD-BP,21
889,14_CCPD-BP,4
890,14_CCPD-BP,5
891,14_CCPD-BP,7
892,14_CCPD-CORE,12
893,14_CCPD-CORE,14
894,14_CCPD-CORE,16
895,14_CCPD-CORE,2
896,14_CCPD-CORE,21
897,14_CCPD-CORE,4
898,14_CCPD-CORE,5
899,14_CCPD-CORE,7
900,14_CCPD-CORE,8
901,14_CCPD-ER,10
902,14_CCPD-ER,12
903,14_CCPD-ER,13
904,14_CCPD-ER,15
905,14_CCPD-ER,16
906,14_CCPD-ER,19
907,14_CCPD-ER,2
908,14_CCPD-ER,21
909,14_CCPD-ER,4
910,14_CCPD-ER,5
911,14_CCPD-ER,7
912,14_CCPD-MC,12
913,14_CCPD-MC,15
914,14_CCPD-MC,19
915,14_CCPD-MC,2
916,14_CCPD-MC,20
917,14_CCPD-MC,21
918,14_CCPD-MC,4
919,14_CCPD-MC,5
920,14_CCPD-MC,6
921,14_CCPD-MC,7
922,14_CCPD-NC,10
923,14_CCPD-NC,12
924,14_CCPD-NC,14
925,14_CCPD-NC,15
926,14_CCPD-NC,16
927,14_CCPD-NC,20
928,14_CCPD-NC,21
929,14_CCPD-NC,4
930,14_CCPD-NC,5
931,14_CCPD-NC,7
932,14_CCPD-PC,10
933,14_CCPD-PC,16
934,14_CCPD-PC,21
935,14_CCPD-PC,4
936,14_CCPD-PC,5
937,14_CCPD-PC,6
938,14_CCPD-PC,7
939,14_CCPD-R,10
940,14_CCPD-R,12
941,14_CCPD-R,13
942,14_CCPD-R,15
943,14_CCPD-R,16
944,14_CCPD-R,19
945,14_CCPD-R,20
946,14_CCPD-R,21
947,14_CCPD-R,4
948,14_CCPD-R,5
949,14_CCPD-R,7
950,14_CCPD-R,8
951,14_CN-1-1,13
952,14_CN-1-1,2
953,14_CN-1-1,21
954,14_CN-1-1,4
955,14_CN-1-1,5
956,14_CN-1-2,12
957,14_CN-1-2,13
958,14_CN-1-2,15
959,14_CN-1-2,16
960,14_CN-1-2,19
961,14_CN-1-2,2
962,14_CN-1-2,20
963,14_CN-1-2,21
964,14_CN-1-2,4
965,14_CN-1-2,5
966,14_CN-1-2,7
967,14_CN-1-2,8
968,14_CN-1-3,16
969,14_CN-1-3,19
970,14_CN-1-3,20
971,14_CN-1-3,21
972,14_CN-1-3,4
973,14_CN-1-3,5
974,14_CO-1-1,4
975,14_CO-1-2,10
976,14_CO-1-2,12
977,14_CO-1-2,13
978,14_CO-1-2,15
979,14_CO-1-2,16
980,14_CO-1-2,19
981,14_CO-1-2,2
982,14_CO-1-2,20
983,14_CO-1-2,21
984,14_CO-1-2,4
985,14_CO-1-2,5
986,14_CO-1-2,6
987,14_CO-1-2,7
988,14_CP-1-1,15
989,14_CP-1-1,16
990,14_CP-1-1,19
991,14_CP-1-1,20
992,14_CP-1-1,21
993,14_CP-1-1,4
994,14_CP-1-1,5
995,14_CR-1-1,13
996,14_CR-1-1,14
997,14_CR-1-1,15
998,14_CR-1-1,16
999,14_CR-1-1,2
1000,14_CR-1-1,21
1001,14_CR-1-1,4
1002,14_CR-1-1,5
1003,14_CR-1-1,8
1004,14_CR-1-1,9
1005,14_CSPD-CASS-STREET,20
1006,14_CSPD-CASS-STREET,21
1007,14_CSPD-CASS-STREET,4
1008,14_CSPD-CASS-STREET,5
1009,14_CUPD-CT-2-3,13
1010,14_CUPD-CT-2-3,19
1011,14_CUPD-CT-2-3,20
1012,14_CUPD-CT-2-3,21
1013,14_CUPD-CT-2-3,4
1014,14_CUPD-CT-2-3,5
1015,14_CUPD-CT-2-4,13
1016,14_CUPD-CT-2-4,19
1017,14_CUPD-CT-2-4,2
1018,14_CUPD-CT-2-4,20
1019,14_CUPD-CT-2-4,21
1020,14_CUPD-CT-2-4,4
1021,14_CUPD-CT-2-4,5
1022,14_CUPD-CT-3-3,16
1023,14_CUPD-CT-3-3,19
1024,14_CUPD-CT-3-3,20
1025,14_CUPD-CT-3-3,21
1026,14_CUPD-CT-3-3,4
1027,14_CUPD-CT-3-3,5
1028,14_CUPD-CT-5-4,13
1029,14_CUPD-CT-5-4,19
1030,14_CUPD-CT-5-4,2
1031,14_CUPD-CT-5-4,20
1032,14_CUPD-CT-5-4,21
1033,14_CUPD-CT-5-4,4
1034,14_CUPD-CT-5-4,5
1035,14_CUPD-CU-1-1,19
1036,14_CUPD-CU-1-1,20
1037,14_CUPD-CU-1-1,21
1038,14_CUPD-CU-1-1,4
1039,14_CUPD-CU-1-1,5
1040,14_CUPD-CU-1-2,19
1041,14_CUPD-CU-1-2,2
1042,14_CUPD-CU-1-2,20
1043,14_CUPD-CU-1-2,21
1044,14_CUPD-CU-1-2,4
1045,14_CUPD-CU-1-2,5
1046,14_CUPD-CU-2-3,13
1047,14_CUPD-CU-2-3,14
1048,14_CUPD-CU-2-3,15
1049,14_CUPD-CU-2-3,16
1050,14_CUPD-CU-2-3,2
1051,14_CUPD-CU-2-3,21
1052,14_CUPD-CU-2-3,4
1053,14_CUPD-CU-2-3,5
1054,14_CUPD-CU-2-4,12
1055,14_CUPD-CU-2-4,13
1056,14_CUPD-CU-2-4,20
1057,14_CUPD-CU-2-4,21
1058,14_CUPD-CU-2-4,4
1059,14_CUPD-CU-2-4,5
1060,14_CUPD-CU-2-5,21
1061,14_CUPD-CU-2-5,4
1062,14_CUPD-CU-3-3,16
1063,14_CUPD-CU-3-3,21
1064,14_CUPD-CU-3-3,4
1065,14_CUPD-CU-3-3,5
1066,14_CUPD-CU-3-6,16
1067,14_CUPD-CU-3-6,19
1068,14_CUPD-CU-3-6,2
1069,14_CUPD-CU-3-6,20
1070,14_CUPD-CU-3-6,21
1071,14_CUPD-CU-3-6,4
1072,14_CUPD-CU-3-6,5
1073,14_CUPD-CU-3-6,8
1074,14_CUPD-CU-3-7,13
1075,14_CUPD-CU-3-7,21
1076,14_CUPD-CU-3-7,4
1077,14_CUPD-CU-3-7,5
1078,14_CUPD-CU-3-8,2
1079,14_CUPD-CU-3-8,21
1080,14_CUPD-CU-3-8,4
1081,14_CUPD-CU-3-8,5
1082,14_CV-1-1,14
1083,14_CV-1-1,16
1084,14_CV-1-1,21
1085,14_CV-1-1,4
1086,14_CV-1-1,5
1087,14_CV-1-1,7
1088,14_CV-1-1,8
1089,14_CV-1-2,14
1090,14_CV-1-2,16
1091,14_CV-1-2,2
1092,14_CV-1-2,20
1093,14_CV-1-2,21
1094,14_CV-1-2,4
1095,14_CV-1-2,5
1096,14_CV-1-2,6
1097,14_CV-1-2,7
1098,14_CVPD-EC,16
1099,14_CVPD-EC,4
1100,14_CVPD-EC,5
1101,14_CVPD-EP,13
1102,14_CVPD-EP,15
1103,14_CVPD-EP,19
1104,14_CVPD-EP,8
1105,14_CVPD-EP,9
1106,14_CVPD-MF1,15
1107,14_CVPD-MF1,19
1108,14_CVPD-MF1,20
1109,14_CVPD-MF1,21
1110,14_CVPD-MF2,12
1111,14_CVPD-MF2,15
1112,14_CVPD-MF2,16
1113,14_CVPD-MF2,21
1114,14_CVPD-MF2,8
1115,14_CVPD-MF3,15
1116,14_CVPD-MF3,21
1117,14_CVPD-MF4,15
1118,14_CVPD-MF4,20
1119,14_CVPD-MF4,21
1120,14_CVPD-MFL,19
1121,14_CVPD-MFL,2
1122,14_CVPD-MFL,20
1123,14_CVPD-NC,15
1124,14_CVPD-NC,21
1125,14_CVPD-NC,5
1126,14_CVPD-SC,4
1127,14_CVPD-SC,5
1128,14_CVPD-SC,7
1129,14_CVPD-SF,19
1130,14_CVPD-SF1,15
1131,14_CVPD-SF1,19
1132,14_CVPD-SF1A,13
1133,14_CVPD-SF1A,19
1134,14_CVPD-SF2,19
1135,14_CVPD-SF2,21
1136,14_CVPD-SF2,8
1137,14_CVPD-SF3,13
1138,14_CVPD-SF3,15
1139,14_CVPD-SF3,19
1140,14_CVPD-SF3,20
1141,14_CVPD-SF3,21
1142,14_CVPD-SF4,15
1143,14_CVPD-SF4,19
1144,14_CVPD-SP,13
1145,14_CVPD-SP,14
1146,14_CVPD-SP,15
1147,14_CVPD-SP,20
1148,14_CVPD-SP,8
1149,14_CVPD-TC,16
1150,14_CVPD-TC,21
1151,14_CVPD-TC,5
1152,14_CVPD-TC,8
1153,14_CVPD-VC,4
1154,14_CVPD-VC,5
1155,14_CVPD-VC,7
1156,14_GHPD-GH-1000,12
1157,14_GHPD-GH-1000,13
1158,14_GHPD-GH-1000,19
1159,14_GHPD-GH-1000,20
1160,14_GHPD-GH-1000,21
1161,14_GHPD-GH-1000,4
1162,14_GHPD-GH-1000,5
1163,14_GHPD-GH-1250,13
1164,14_GHPD-GH-1250,16
1165,14_GHPD-GH-1250,19
1166,14_GHPD-GH-1250,20
1167,14_GHPD-GH-1250,21
1168,14_GHPD-GH-1500,12
1169,14_GHPD-GH-1500,13
1170,14_GHPD-GH-1500,16
1171,14_GHPD-GH-1500,19
1172,14_GHPD-GH-1500,20
1173,14_GHPD-GH-1500,21
1174,14_GHPD-GH-1500,4
1175,14_GHPD-GH-1500,5
1176,14_GHPD-GH-1500,8
1177,14_GHPD-GH-2500,12
1178,14_GHPD-GH-2500,13
1179,14_GHPD-GH-2500,16
1180,14_GHPD-GH-2500,19
1181,14_GHPD-GH-2500,20
1182,14_GHPD-GH-2500,21
1183,14_GHPD-GH-2500,4
1184,14_GHPD-GH-2500,5
1185,14_GHPD-GH-3000,12
1186,14_GHPD-GH-3000,13
1187,14_GHPD-GH-3000,19
1188,14_GHPD-GH-3000,20
1189,14_GHPD-GH-3000,21
1190,14_GHPD-GH-3000,4
1191,14_GHPD-GH-3000,5
1192,14_GHPD-GH-3000,8
1193,14_GHPD-GH-600,13
1194,14_GHPD-GH-600,19
1195,14_GHPD-GH-600,20
1196,14_GHPD-GH-600,21
1197,14_GHPD-GH-CC,12
1198,14_GHPD-GH-CC,13
1199,14_GHPD-GH-CC,16
1200,14_GHPD-GH-CC,19
1201,14_GHPD-GH-CC,20
1202,14_GHPD-GH-CC,21
1203,14_GHPD-GH-CC,4
1204,14_GHPD-GH-CC,5
1205,14_GHPD-GH-CN,12
1206,14_GHPD-GH-CN,19
1207,14_GHPD-GH-CN,20
1208,14_GHPD-GH-CN,21
1209,14_GHPD-GH-CN,4
1210,14_GHPD-GH-CN,5
1211,14_GQPD-GASLAMP-QTR,14
1212,14_GQPD-GASLAMP-QTR,15
1213,14_GQPD-GASLAMP-QTR,16
1214,14_GQPD-GASLAMP-QTR,21
1215,14_GQPD-GASLAMP-QTR,4
1216,14_GQPD-GASLAMP-QTR,5
1217,14_GQPD-GASLAMP-QTR,7
1218,14_IH-2-1,12
1219,14_IH-2-1,2
1220,14_IH-2-1,3
1221,14_IH-2-1,4
1222,14_IH-2-1,5
1223,14_IH-2-1,6
1224,14_IL-2-1,10
1225,14_IL-2-1,12
1226,14_IL-2-1,13
1227,14_IL-2-1,14
1228,14_IL-2-1,15
1229,14_IL-2-1,16
1230,14_IL-2-1,19
1231,14_IL-2-1,2
1232,14_IL-2-1,21
1233,14_IL-2-1,4
1234,14_IL-2-1,5
1235,14_IL-2-1,6
1236,14_IL-2-1,7
1237,14_IL-2-1,8
1238,14_IL-3-1,13
1239,14_IL-3-1,14
1240,14_IL-3-1,15
1241,14_IL-3-1,16
1242,14_IL-3-1,19
1243,14_IL-3-1,2
1244,14_IL-3-1,21
1245,14_IL-3-1,4
1246,14_IL-3-1,5
1247,14_IL-3-1,6
1248,14_IL-3-1,7
1249,14_IL-3-1,8
1250,14_IP-1-1,10
1251,14_IP-1-1,12
1252,14_IP-1-1,2
1253,14_IP-1-1,4
1254,14_IP-2-1,10
1255,14_IP-2-1,14
1256,14_IP-2-1,16
1257,14_IP-2-1,19
1258,14_IP-2-1,2
1259,14_IP-2-1,22
1260,14_IP-2-1,4
1261,14_IP-2-1,5
1262,14_IP-2-1,6
1263,14_IP-2-1,8
1264,14_IS-1-1,12
1265,14_IS-1-1,2
1266,14_IS-1-1,4
1267,14_IS-1-1,5
1268,14_IS-1-1,6
1269,14_JIA,14
1270,14_JIA,15
1271,14_JIA,16
1272,14_JIA,19
1273,14_JIA,2
1274,14_JIA,3
1275,14_JIA,4
1276,14_JIA,5
1277,14_JIA,6
1278,14_JIA,7
1279,14_LJPD-1,13
1280,14_LJPD-1,16
1281,14_LJPD-1,21
1282,14_LJPD-1,4
1283,14_LJPD-1,5
1284,14_LJPD-1A,20
1285,14_LJPD-1A,21
1286,14_LJPD-1A,4
1287,14_LJPD-1A,5
1288,14_LJPD-1A,7
1289,14_LJPD-2,13
1290,14_LJPD-2,20
1291,14_LJPD-2,21
1292,14_LJPD-2,4
1293,14_LJPD-2,5
1294,14_LJPD-3,16
1295,14_LJPD-3,21
1296,14_LJPD-3,4
1297,14_LJPD-3,5
1298,14_LJPD-4,12
1299,14_LJPD-4,16
1300,14_LJPD-4,20
1301,14_LJPD-4,21
1302,14_LJPD-4,4
1303,14_LJPD-4,5
1304,14_LJPD-5,13
1305,14_LJPD-5,14
1306,14_LJPD-5,15
1307,14_LJPD-5,16
1308,14_LJPD-5,19
1309,14_LJPD-5,20
1310,14_LJPD-5,21
1311,14_LJPD-5,4
1312,14_LJPD-5,5
1313,14_LJPD-5,7
1314,14_LJPD-5,8
1315,14_LJPD-5A,19
1316,14_LJPD-5A,21
1317,14_LJPD-5A,4
1318,14_LJPD-6,13
1319,14_LJPD-6,15
1320,14_LJPD-6,16
1321,14_LJPD-6,8
1322,14_LJPD-6A,16
1323,14_LJSPD-CC,21
1324,14_LJSPD-CC,4
1325,14_LJSPD-CC,5
1326,14_LJSPD-MF1,19
1327,14_LJSPD-MF1,20
1328,14_LJSPD-MF1,21
1329,14_LJSPD-MF2,19
1330,14_LJSPD-MF2,20
1331,14_LJSPD-MF2,21
1332,14_LJSPD-PRF,19
1333,14_LJSPD-PRF,20
1334,14_LJSPD-PRF,7
1335,14_LJSPD-SF,10
1336,14_LJSPD-SF,13
1337,14_LJSPD-SF,15
1338,14_LJSPD-SF,16
1339,14_LJSPD-SF,19
1340,14_LJSPD-SF,2
1341,14_LJSPD-SF,20
1342,14_LJSPD-SF,21
1343,14_LJSPD-SF,8
1344,14_LJSPD-V,12
1345,14_LJSPD-V,21
1346,14_LJSPD-V,5
1347,14_LJSPD-V,7
1348,14_LJSPD-YMCA,15
1349,14_MBPD-NC-N,19
1350,14_MBPD-NC-N,20
1351,14_MBPD-NC-N,21
1352,14_MBPD-NC-N,4
1353,14_MBPD-NC-N,5
1354,14_MBPD-NC-S,19
1355,14_MBPD-NC-S,20
1356,14_MBPD-NC-S,21
1357,14_MBPD-NC-S,4
1358,14_MBPD-NC-S,5
1359,14_MBPD-R-N,15
1360,14_MBPD-R-N,19
1361,14_MBPD-R-N,20
1362,14_MBPD-R-N,21
1363,14_MBPD-R-N,4
1364,14_MBPD-R-N,5
1365,14_MBPD-R-S,15
1366,14_MBPD-R-S,16
1367,14_MBPD-R-S,19
1368,14_MBPD-R-S,20
1369,14_MBPD-R-S,21
1370,14_MBPD-VC-N,14
1371,14_MBPD-VC-N,15
1372,14_MBPD-VC-N,19
1373,14_MBPD-VC-N,20
1374,14_MBPD-VC-N,21
1375,14_MBPD-VC-N,4
1376,14_MBPD-VC-N,5
1377,14_MBPD-VC-N,7
1378,14_MBPD-VC-S,20
1379,14_MBPD-VC-S,21
1380,14_MBPD-VC-S,5
1381,14_MCCPD-CL-1,14
1382,14_MCCPD-CL-1,16
1383,14_MCCPD-CL-1,21
1384,14_MCCPD-CL-1,4
1385,14_MCCPD-CL-1,5
1386,14_MCCPD-CL-2,13
1387,14_MCCPD-CL-2,14
1388,14_MCCPD-CL-2,21
1389,14_MCCPD-CL-2,4
1390,14_MCCPD-CL-2,5
1391,14_MCCPD-CL-5,12
1392,14_MCCPD-CL-5,15
1393,14_MCCPD-CL-5,19
1394,14_MCCPD-CL-5,20
1395,14_MCCPD-CL-5,21
1396,14_MCCPD-CL-5,4
1397,14_MCCPD-CL-5,5
1398,14_MCCPD-CL-6,10
1399,14_MCCPD-CL-6,16
1400,14_MCCPD-CL-6,2
1401,14_MCCPD-CL-6,20
1402,14_MCCPD-CL-6,21
1403,14_MCCPD-CL-6,4
1404,14_MCCPD-CL-6,5
1405,14_MCCPD-CN-1,13
1406,14_MCCPD-CN-1,15
1407,14_MCCPD-CN-1,16
1408,14_MCCPD-CN-1,21
1409,14_MCCPD-CN-1,4
1410,14_MCCPD-CN-1,5
1411,14_MCCPD-CN-1A,12
1412,14_MCCPD-CN-1A,16
1413,14_MCCPD-CN-1A,2
1414,14_MCCPD-CN-1A,21
1415,14_MCCPD-CN-1A,4
1416,14_MCCPD-CN-1A,5
1417,14_MCCPD-CN-1A,7
1418,14_MCCPD-CN-2,16
1419,14_MCCPD-CN-2,21
1420,14_MCCPD-CN-2,4
1421,14_MCCPD-CN-2,5
1422,14_MCCPD-CN-2A,16
1423,14_MCCPD-CN-2A,21
1424,14_MCCPD-CN-2A,4
1425,14_MCCPD-CN-2A,5
1426,14_MCCPD-CN-3,19
1427,14_MCCPD-CN-3,21
1428,14_MCCPD-CN-3,4
1429,14_MCCPD-CN-3,5
1430,14_MCCPD-CN-4,21
1431,14_MCCPD-CN-4,4
1432,14_MCCPD-CN-4,5
1433,14_MCCPD-CV-1,16
1434,14_MCCPD-CV-1,21
1435,14_MCCPD-CV-1,4
1436,14_MCCPD-CV-1,5
1437,14_MCCPD-CV-2,21
1438,14_MCCPD-CV-2,4
1439,14_MCCPD-CV-2,5
1440,14_MCCPD-CV-3,20
1441,14_MCCPD-CV-3,21
1442,14_MCCPD-CV-3,4
1443,14_MCCPD-CV-3,5
1444,14_MCCPD-CV-4,21
1445,14_MCCPD-CV-4,4
1446,14_MCCPD-CV-4,5
1447,14_MCCPD-MR-1000,12
1448,14_MCCPD-MR-1000,13
1449,14_MCCPD-MR-1000,16
1450,14_MCCPD-MR-1000,19
1451,14_MCCPD-MR-1000,2
1452,14_MCCPD-MR-1000,20
1453,14_MCCPD-MR-1000,21
1454,14_MCCPD-MR-1000,4
1455,14_MCCPD-MR-1000,5
1456,14_MCCPD-MR-1000,8
1457,14_MCCPD-MR-1000B,21
1458,14_MCCPD-MR-1250B,13
1459,14_MCCPD-MR-1250B,15
1460,14_MCCPD-MR-1250B,16
1461,14_MCCPD-MR-1250B,19
1462,14_MCCPD-MR-1250B,20
1463,14_MCCPD-MR-1250B,21
1464,14_MCCPD-MR-1250B,4
1465,14_MCCPD-MR-1250B,8
1466,14_MCCPD-MR-1500,12
1467,14_MCCPD-MR-1500,13
1468,14_MCCPD-MR-1500,15
1469,14_MCCPD-MR-1500,16
1470,14_MCCPD-MR-1500,19
1471,14_MCCPD-MR-1500,2
1472,14_MCCPD-MR-1500,20
1473,14_MCCPD-MR-1500,21
1474,14_MCCPD-MR-1500,4
1475,14_MCCPD-MR-1500,5
1476,14_MCCPD-MR-1500,7
1477,14_MCCPD-MR-1500,8
1478,14_MCCPD-MR-1750,13
1479,14_MCCPD-MR-1750,16
1480,14_MCCPD-MR-1750,19
1481,14_MCCPD-MR-1750,20
1482,14_MCCPD-MR-1750,21
1483,14_MCCPD-MR-1750,4
1484,14_MCCPD-MR-1750,5
1485,14_MCCPD-MR-1750,8
1486,14_MCCPD-MR-1750,9
1487,14_MCCPD-MR-2500,19
1488,14_MCCPD-MR-2500,20
1489,14_MCCPD-MR-2500,21
1490,14_MCCPD-MR-2500,4
1491,14_MCCPD-MR-2500,5
1492,14_MCCPD-MR-3000,12
1493,14_MCCPD-MR-3000,13
1494,14_MCCPD-MR-3000,14
1495,14_MCCPD-MR-3000,15
1496,14_MCCPD-MR-3000,19
1497,14_MCCPD-MR-3000,2
1498,14_MCCPD-MR-3000,20
1499,14_MCCPD-MR-3000,21
1500,14_MCCPD-MR-3000,4
1501,14_MCCPD-MR-3000,5
1502,14_MCCPD-MR-3000,8
1503,14_MCCPD-MR-400,13
1504,14_MCCPD-MR-400,15
1505,14_MCCPD-MR-400,21
1506,14_MCCPD-MR-400,4
1507,14_MCCPD-MR-400,5
1508,14_MCCPD-MR-800B,12
1509,14_MCCPD-MR-800B,13
1510,14_MCCPD-MR-800B,15
1511,14_MCCPD-MR-800B,16
1512,14_MCCPD-MR-800B,19
1513,14_MCCPD-MR-800B,20
1514,14_MCCPD-MR-800B,21
1515,14_MCCPD-MR-800B,4
1516,14_MCCPD-MR-800B,5
1517,14_MCCPD-MR-800B,8
1518,14_MCCPD-NP-1,12
1519,14_MCCPD-NP-1,20
1520,14_MCCPD-NP-1,21
1521,14_MCCPD-NP-1,4
1522,14_MCCPD-NP-1,5
1523,14_MCCPD-NP-1,7
1524,14_MCCPD-NP-2,20
1525,14_MCCPD-NP-2,21
1526,14_MCCPD-NP-2,4
1527,14_MCCPD-NP-2,5
1528,14_MCCPD-NP-3,13
1529,14_MCCPD-NP-3,19
1530,14_MCCPD-NP-3,21
1531,14_MCCPD-NP-3,4
1532,14_MCCPD-NP-3,5
1533,14_MHPD-SUBD-1,13
1534,14_MHPD-SUBD-1,19
1535,14_MHPD-SUBD-1,20
1536,14_MHPD-SUBD-1,21
1537,14_MHPD-SUBD-1,5
1538,14_MHPD-SUBD-2,13
1539,14_MHPD-SUBD-2,20
1540,14_MHPD-SUBD-2,21
1541,14_MHPD-SUBD-2,4
1542,14_MHPD-SUBD-2,5
1543,14_MHPD-SUBD-3,5
1544,14_MPD-MARINA,15
1545,14_MPD-MARINA,16
1546,14_MPD-MARINA,2
1547,14_MPD-MARINA,20
1548,14_MPD-MARINA,21
1549,14_MPD-MARINA,4
1550,14_MPD-MARINA,5
1551,14_MPD-MARINA,6
1552,14_MPD-MARINA,7
1553,14_MPD-MARINA,8
1554,14_MVPD-MV-CO,14
1555,14_MVPD-MV-CO,15
1556,14_MVPD-MV-CO,16
1557,14_MVPD-MV-CO,2
1558,14_MVPD-MV-CO,21
1559,14_MVPD-MV-CO,4
1560,14_MVPD-MV-CO,5
1561,14_MVPD-MV-CO,7
1562,14_MVPD-MV-CO,8
1563,14_MVPD-MV-CO-CV,13
1564,14_MVPD-MV-CO-CV,14
1565,14_MVPD-MV-CO-CV,20
1566,14_MVPD-MV-CO-CV,4
1567,14_MVPD-MV-CO-CV,5
1568,14_MVPD-MV-CO-CV,7
1569,14_MVPD-MV-CR,15
1570,14_MVPD-MV-CR,21
1571,14_MVPD-MV-CR,4
1572,14_MVPD-MV-CR,5
1573,14_MVPD-MV-CR,6
1574,14_MVPD-MV-CR,7
1575,14_MVPD-MV-CV,14
1576,14_MVPD-MV-CV,16
1577,14_MVPD-MV-CV,21
1578,14_MVPD-MV-CV,4
1579,14_MVPD-MV-CV,5
1580,14_MVPD-MV-CV,7
1581,14_MVPD-MV-I,16
1582,14_MVPD-MV-I,2
1583,14_MVPD-MV-I,4
1584,14_MVPD-MV-I,5
1585,14_MVPD-MV-M,21
1586,14_MVPD-MV-M/SP,14
1587,14_MVPD-MV-M/SP,15
1588,14_MVPD-MV-M/SP,16
1589,14_MVPD-MV-M/SP,2
1590,14_MVPD-MV-M/SP,20
1591,14_MVPD-MV-M/SP,21
1592,14_MVPD-MV-M/SP,4
1593,14_MVPD-MV-M/SP,5
1594,14_MVPD-MV-M/SP,7
1595,14_MVPD-MVR-1,21
1596,14_MVPD-MVR-2,15
1597,14_MVPD-MVR-2,2
1598,14_MVPD-MVR-2,20
1599,14_MVPD-MVR-2,21
1600,14_MVPD-MVR-2,8
1601,14_MVPD-MVR-3,15
1602,14_MVPD-MVR-3,21
1603,14_MVPD-MVR-4,21
1604,14_MVPD-MVR-4,4
1605,14_MVPD-MVR-4,5
1606,14_MVPD-MVR-5,20
1607,14_MVPD-MVR-5,21
1608,14_MVPD-MVR-5,4
1609,14_MVPD-MVR-5,5
1610,14_OMDD-COMMERL-SUBD,10
1611,14_OMDD-COMMERL-SUBD,2
1612,14_OMDD-COMMERL-SUBD,5
1613,14_OMDD-INDUST-SUBD,1
1614,14_OMDD-INDUST-SUBD,16
1615,14_OMDD-INDUST-SUBD,19
1616,14_OMDD-INDUST-SUBD,2
1617,14_OMDD-INDUST-SUBD,20
1618,14_OMDD-INDUST-SUBD,21
1619,14_OMDD-INDUST-SUBD,3
1620,14_OMDD-INDUST-SUBD,4
1621,14_OMDD-INDUST-SUBD,5
1622,14_OMDD-INDUST-SUBD,6
1623,14_OMDD-INDUST-SUBD,7
1624,14_OMDD-INDUST-SUBD,8
1625,14_OMDD-INTL-SUBD,2
1626,14_OMDD-INTL-SUBD,4
1627,14_OMDD-INTL-SUBD,5
1628,14_OMDD-INTL-SUBD,6
1629,14_OMDD-INTL-SUBD,7
1630,14_OR-1-1,19
1631,14_OR-1-1,2
1632,14_OR-1-1,20
1633,14_OR-1-1,21
1634,14_OR-1-1,4
1635,14_OR-1-1,5
1636,14_OR-1-2,1
1637,14_OTSDPD-CORE,13
1638,14_OTSDPD-CORE,15
1639,14_OTSDPD-CORE,16
1640,14_OTSDPD-CORE,19
1641,14_OTSDPD-CORE,2
1642,14_OTSDPD-CORE,20
1643,14_OTSDPD-CORE,21
1644,14_OTSDPD-CORE,4
1645,14_OTSDPD-CORE,5
1646,14_OTSDPD-CORE,6
1647,14_OTSDPD-CORE,7
1648,14_OTSDPD-HORTENSIA,21
1649,14_OTSDPD-HORTENSIA,4
1650,14_OTSDPD-HORTENSIA,5
1651,14_OTSDPD-HORTENSIA,7
1652,14_OTSDPD-JEFFERSON,19
1653,14_OTSDPD-JEFFERSON,20
1654,14_OTSDPD-JEFFERSON,21
1655,14_OTSDPD-JEFFERSON,4
1656,14_OTSDPD-JEFFERSON,5
1657,14_OTSDPD-MULTI-FAMILY,13
1658,14_OTSDPD-MULTI-FAMILY,19
1659,14_OTSDPD-MULTI-FAMILY,20
1660,14_OTSDPD-MULTI-FAMILY,21
1661,14_OTSDPD-MULTI-FAMILY,4
1662,14_OTSDPD-MULTI-FAMILY,5
1663,14_OTSDPD-PUB-PRO-PK,15
1664,14_OTSDPD-PUB-PRO-PK,5
1665,14_OTSDPD-PUB-PRO-PKG-A,8
1666,14_OTSDPD-PUB-PRO-PKG-B,16
1667,14_OTSDPD-PUB-PRO-PKG-D,5
1668,14_OTSDPD-ROSECRANS,16
1669,14_OTSDPD-ROSECRANS,19
1670,14_OTSDPD-ROSECRANS,2
1671,14_OTSDPD-ROSECRANS,20
1672,14_OTSDPD-ROSECRANS,4
1673,14_OTSDPD-ROSECRANS,5
1674,14_OTSDPD-ROSECRANS,7
1675,14_OTSDPD-SINGLE-FAMILY,19
1676,14_OTSDPD-SINGLE-FAMILY,20
1677,14_RM-1-1,10
1678,14_RM-1-1,12
1679,14_RM-1-1,13
1680,14_RM-1-1,14
1681,14_RM-1-1,15
1682,14_RM-1-1,16
1683,14_RM-1-1,19
1684,14_RM-1-1,2
1685,14_RM-1-1,20
1686,14_RM-1-1,21
1687,14_RM-1-1,22
1688,14_RM-1-1,4
1689,14_RM-1-1,5
1690,14_RM-1-1,7
1691,14_RM-1-1,8
1692,14_RM-1-1,9
1693,14_RM-1-2,13
1694,14_RM-1-2,14
1695,14_RM-1-2,15
1696,14_RM-1-2,16
1697,14_RM-1-2,19
1698,14_RM-1-2,20
1699,14_RM-1-2,21
1700,14_RM-1-2,5
1701,14_RM-1-2,8
1702,14_RM-1-3,12
1703,14_RM-1-3,13
1704,14_RM-1-3,15
1705,14_RM-1-3,16
1706,14_RM-1-3,19
1707,14_RM-1-3,20
1708,14_RM-1-3,21
1709,14_RM-1-3,4
1710,14_RM-1-3,5
1711,14_RM-1-3,8
1712,14_RM-1-3,9
1713,14_RM-2-4,13
1714,14_RM-2-4,14
1715,14_RM-2-4,15
1716,14_RM-2-4,16
1717,14_RM-2-4,19
1718,14_RM-2-4,2
1719,14_RM-2-4,20
1720,14_RM-2-4,21
1721,14_RM-2-4,4
1722,14_RM-2-4,5
1723,14_RM-2-4,8
1724,14_RM-2-4,9
1725,14_RM-2-5,12
1726,14_RM-2-5,13
1727,14_RM-2-5,14
1728,14_RM-2-5,15
1729,14_RM-2-5,16
1730,14_RM-2-5,19
1731,14_RM-2-5,2
1732,14_RM-2-5,20
1733,14_RM-2-5,21
1734,14_RM-2-5,22
1735,14_RM-2-5,4
1736,14_RM-2-5,5
1737,14_RM-2-5,7
1738,14_RM-2-5,8
1739,14_RM-2-5,9
1740,14_RM-2-6,19
1741,14_RM-2-6,20
1742,14_RM-2-6,21
1743,14_RM-2-6,4
1744,14_RM-2-6,5
1745,14_RM-2-6,8
1746,14_RM-3-7,11
1747,14_RM-3-7,12
1748,14_RM-3-7,13
1749,14_RM-3-7,15
1750,14_RM-3-7,16
1751,14_RM-3-7,19
1752,14_RM-3-7,2
1753,14_RM-3-7,20
1754,14_RM-3-7,21
1755,14_RM-3-7,22
1756,14_RM-3-7,4
1757,14_RM-3-7,5
1758,14_RM-3-7,6
1759,14_RM-3-7,7
1760,14_RM-3-7,8
1761,14_RM-3-8,12
1762,14_RM-3-8,13
1763,14_RM-3-8,15
1764,14_RM-3-8,16
1765,14_RM-3-8,20
1766,14_RM-3-8,21
1767,14_RM-3-8,5
1768,14_RM-3-8,8
1769,14_RM-3-9,11
1770,14_RM-3-9,12
1771,14_RM-3-9,13
1772,14_RM-3-9,15
1773,14_RM-3-9,16
1774,14_RM-3-9,19
1775,14_RM-3-9,2
1776,14_RM-3-9,20
1777,14_RM-3-9,21
1778,14_RM-3-9,4
1779,14_RM-3-9,5
1780,14_RM-3-9,8
1781,14_RM-4-10,10
1782,14_RM-4-10,12
1783,14_RM-4-10,13
1784,14_RM-4-10,14
1785,14_RM-4-10,15
1786,14_RM-4-10,19
1787,14_RM-4-10,2
1788,14_RM-4-10,20
1789,14_RM-4-10,21
1790,14_RM-4-10,4
1791,14_RM-4-10,5
1792,14_RM-4-10,6
1793,14_RM-4-10,8
1794,14_RM-5-12,19
1795,14_RM-5-12,20
1796,14_RM-5-12,21
1797,14_RM-5-12,4
1798,14_RM-5-12,5
1799,14_RM-5-12,7
1800,14_RM-5-12,8
1801,14_RS-1-1,10
1802,14_RS-1-1,11
1803,14_RS-1-1,12
1804,14_RS-1-1,13
1805,14_RS-1-1,14
1806,14_RS-1-1,15
1807,14_RS-1-1,19
1808,14_RS-1-1,2
1809,14_RS-1-1,20
1810,14_RS-1-1,21
1811,14_RS-1-1,22
1812,14_RS-1-1,4
1813,14_RS-1-1,5
1814,14_RS-1-1,8
1815,14_RS-1-1,9
1816,14_RS-1-10,19
1817,14_RS-1-10,20
1818,14_RS-1-11,12
1819,14_RS-1-11,15
1820,14_RS-1-11,19
1821,14_RS-1-11,2
1822,14_RS-1-11,21
1823,14_RS-1-12,15
1824,14_RS-1-12,19
1825,14_RS-1-12,20
1826,14_RS-1-12,21
1827,14_RS-1-12,8
1828,14_RS-1-13,13
1829,14_RS-1-13,14
1830,14_RS-1-13,15
1831,14_RS-1-13,16
1832,14_RS-1-13,19
1833,14_RS-1-13,2
1834,14_RS-1-13,20
1835,14_RS-1-13,21
1836,14_RS-1-14,10
1837,14_RS-1-14,11
1838,14_RS-1-14,12
1839,14_RS-1-14,13
1840,14_RS-1-14,14
1841,14_RS-1-14,15
1842,14_RS-1-14,16
1843,14_RS-1-14,19
1844,14_RS-1-14,2
1845,14_RS-1-14,20
1846,14_RS-1-14,21
1847,14_RS-1-14,4
1848,14_RS-1-14,5
1849,14_RS-1-14,7
1850,14_RS-1-14,8
1851,14_RS-1-14,9
1852,14_RS-1-2,13
1853,14_RS-1-2,14
1854,14_RS-1-2,15
1855,14_RS-1-2,16
1856,14_RS-1-2,19
1857,14_RS-1-2,2
1858,14_RS-1-2,20
1859,14_RS-1-2,21
1860,14_RS-1-2,4
1861,14_RS-1-2,5
1862,14_RS-1-2,7
1863,14_RS-1-2,8
1864,14_RS-1-2,9
1865,14_RS-1-3,15
1866,14_RS-1-3,19
1867,14_RS-1-3,2
1868,14_RS-1-3,20
1869,14_RS-1-3,21
1870,14_RS-1-3,8
1871,14_RS-1-4,12
1872,14_RS-1-4,15
1873,14_RS-1-4,16
1874,14_RS-1-4,19
1875,14_RS-1-4,2
1876,14_RS-1-4,20
1877,14_RS-1-4,21
1878,14_RS-1-4,8
1879,14_RS-1-5,15
1880,14_RS-1-5,16
1881,14_RS-1-5,19
1882,14_RS-1-5,2
1883,14_RS-1-5,20
1884,14_RS-1-6,19
1885,14_RS-1-6,20
1886,14_RS-1-6,5
1887,14_RS-1-6,8
1888,14_RS-1-7,10
1889,14_RS-1-7,11
1890,14_RS-1-7,12
1891,14_RS-1-7,13
1892,14_RS-1-7,14
1893,14_RS-1-7,15
1894,14_RS-1-7,16
1895,14_RS-1-7,19
1896,14_RS-1-7,2
1897,14_RS-1-7,20
1898,14_RS-1-7,21
1899,14_RS-1-7,22
1900,14_RS-1-7,4
1901,14_RS-1-7,5
1902,14_RS-1-7,6
1903,14_RS-1-7,7
1904,14_RS-1-7,8
1905,14_RS-1-7,9
1906,14_RS-1-8,10
1907,14_RS-1-8,13
1908,14_RS-1-8,15
1909,14_RS-1-8,16
1910,14_RS-1-8,19
1911,14_RS-1-8,2
1912,14_RS-1-8,21
1913,14_RS-1-8,4
1914,14_RS-1-8,5
1915,14_RS-1-8,8
1916,14_RS-1-8,9
1917,14_RS-1-9,15
1918,14_RS-1-9,19
1919,14_RT-1-2,19
1920,14_RT-1-4,19
1921,14_RT-1-4,20
1922,14_RX-1-1,19
1923,14_RX-1-1,21
1924,14_RX-1-1,8
1925,14_RX-1-2,1
1926,14_RX-1-2,15
1927,14_RX-1-2,19
1928,14_RX-1-2,20
1929,14_RX-1-2,21
1930,14_RX-1-2,5
1931,14_RX-1-2,8
1932,14_SESDPD-CSF-1,13
1933,14_SESDPD-CSF-1,16
1934,14_SESDPD-CSF-1,19
1935,14_SESDPD-CSF-1,20
1936,14_SESDPD-CSF-1,21
1937,14_SESDPD-CSF-1,4
1938,14_SESDPD-CSF-1,5
1939,14_SESDPD-CSF-1,8
1940,14_SESDPD-CSF-2,13
1941,14_SESDPD-CSF-2,19
1942,14_SESDPD-CSF-2,2
1943,14_SESDPD-CSF-2,20
1944,14_SESDPD-CSF-2,21
1945,14_SESDPD-CSF-2,4
1946,14_SESDPD-CSF-2,5
1947,14_SESDPD-CSF-2-R-3000,13
1948,14_SESDPD-CSF-2-R-3000,16
1949,14_SESDPD-CSF-2-R-3000,19
1950,14_SESDPD-CSF-2-R-3000,20
1951,14_SESDPD-CSF-2-R-3000,21
1952,14_SESDPD-CSF-2-R-3000,4
1953,14_SESDPD-CSF-2-R-3000,5
1954,14_SESDPD-CSF-2-R-3000,8
1955,14_SESDPD-CSF-3,16
1956,14_SESDPD-CSF-3,19
1957,14_SESDPD-CSF-3,21
1958,14_SESDPD-CSF-3,4
1959,14_SESDPD-CSF-3,5
1960,14_SESDPD-CSF-3,7
1961,14_SESDPD-CSR-1,13
1962,14_SESDPD-CSR-1,16
1963,14_SESDPD-CSR-1,19
1964,14_SESDPD-CSR-1,2
1965,14_SESDPD-CSR-1,20
1966,14_SESDPD-CSR-1,21
1967,14_SESDPD-CSR-1,4
1968,14_SESDPD-CSR-1,5
1969,14_SESDPD-CSR-1,6
1970,14_SESDPD-CSR-2,13
1971,14_SESDPD-CSR-2,19
1972,14_SESDPD-CSR-2,2
1973,14_SESDPD-CSR-2,4
1974,14_SESDPD-CSR-2,5
1975,14_SESDPD-CSR-2-R-1500,13
1976,14_SESDPD-CSR-2-R-1500,16
1977,14_SESDPD-CSR-2-R-1500,19
1978,14_SESDPD-CSR-2-R-1500,2
1979,14_SESDPD-CSR-2-R-1500,20
1980,14_SESDPD-CSR-2-R-1500,21
1981,14_SESDPD-CSR-2-R-1500,4
1982,14_SESDPD-CSR-2-R-1500,5
1983,14_SESDPD-CSR-2-R-3000,19
1984,14_SESDPD-CSR-2-R-3000,2
1985,14_SESDPD-CSR-2-R-3000,20
1986,14_SESDPD-CSR-2-R-3000,21
1987,14_SESDPD-CSR-2-R-3000,4
1988,14_SESDPD-CSR-2-R-3000,5
1989,14_SESDPD-CT-2,12
1990,14_SESDPD-CT-2,13
1991,14_SESDPD-CT-2,14
1992,14_SESDPD-CT-2,16
1993,14_SESDPD-CT-2,2
1994,14_SESDPD-CT-2,21
1995,14_SESDPD-CT-2,4
1996,14_SESDPD-CT-2,5
1997,14_SESDPD-CT-2,6
1998,14_SESDPD-CT-2,8
1999,14_SESDPD-CT-3,5
2000,14_SESDPD-CT-3,7
2001,14_SESDPD-I-1,13
2002,14_SESDPD-I-1,16
2003,14_SESDPD-I-1,19
2004,14_SESDPD-I-1,2
2005,14_SESDPD-I-1,20
2006,14_SESDPD-I-1,21
2007,14_SESDPD-I-1,4
2008,14_SESDPD-I-1,5
2009,14_SESDPD-I-1,6
2010,14_SESDPD-I-2,15
2011,14_SESDPD-I-2,19
2012,14_SESDPD-I-2,2
2013,14_SESDPD-I-2,20
2014,14_SESDPD-I-2,4
2015,14_SESDPD-MF-1500,13
2016,14_SESDPD-MF-1500,19
2017,14_SESDPD-MF-1500,20
2018,14_SESDPD-MF-1500,21
2019,14_SESDPD-MF-1500,22
2020,14_SESDPD-MF-1500,4
2021,14_SESDPD-MF-1500,5
2022,14_SESDPD-MF-1500,8
2023,14_SESDPD-MF-2000,13
2024,14_SESDPD-MF-2000,14
2025,14_SESDPD-MF-2000,15
2026,14_SESDPD-MF-2000,20
2027,14_SESDPD-MF-2000,21
2028,14_SESDPD-MF-2000,4
2029,14_SESDPD-MF-2000,5
2030,14_SESDPD-MF-2500,12
2031,14_SESDPD-MF-2500,13
2032,14_SESDPD-MF-2500,16
2033,14_SESDPD-MF-2500,19
2034,14_SESDPD-MF-2500,2
2035,14_SESDPD-MF-2500,20
2036,14_SESDPD-MF-2500,21
2037,14_SESDPD-MF-2500,4
2038,14_SESDPD-MF-2500,5
2039,14_SESDPD-MF-2500,8
2040,14_SESDPD-MF-2500,9
2041,14_SESDPD-MF-3000,12
2042,14_SESDPD-MF-3000,13
2043,14_SESDPD-MF-3000,15
2044,14_SESDPD-MF-3000,16
2045,14_SESDPD-MF-3000,19
2046,14_SESDPD-MF-3000,2
2047,14_SESDPD-MF-3000,20
2048,14_SESDPD-MF-3000,21
2049,14_SESDPD-MF-3000,22
2050,14_SESDPD-MF-3000,4
2051,14_SESDPD-MF-3000,5
2052,14_SESDPD-MF-3000,6
2053,14_SESDPD-MF-3000,8
2054,14_SESDPD-MF-3000,9
2055,14_SESDPD-SF-10000,12
2056,14_SESDPD-SF-10000,19
2057,14_SESDPD-SF-10000,20
2058,14_SESDPD-SF-10000,8
2059,14_SESDPD-SF-15000,19
2060,14_SESDPD-SF-15000,2
2061,14_SESDPD-SF-15000,20
2062,14_SESDPD-SF-20000,15
2063,14_SESDPD-SF-20000,19
2064,14_SESDPD-SF-20000,2
2065,14_SESDPD-SF-20000,20
2066,14_SESDPD-SF-40000,15
2067,14_SESDPD-SF-40000,19
2068,14_SESDPD-SF-40000,8
2069,14_SESDPD-SF-5000,10
2070,14_SESDPD-SF-5000,12
2071,14_SESDPD-SF-5000,13
2072,14_SESDPD-SF-5000,15
2073,14_SESDPD-SF-5000,16
2074,14_SESDPD-SF-5000,19
2075,14_SESDPD-SF-5000,2
2076,14_SESDPD-SF-5000,20
2077,14_SESDPD-SF-5000,21
2078,14_SESDPD-SF-5000,4
2079,14_SESDPD-SF-5000,5
2080,14_SESDPD-SF-5000,8
2081,14_SESDPD-SF-5000,9
2082,14_SESDPD-SF-6000,12
2083,14_SESDPD-SF-6000,13
2084,14_SESDPD-SF-6000,15
2085,14_SESDPD-SF-6000,19
2086,14_SESDPD-SF-6000,20
2087,14_SESDPD-SF-6000,21
2088,14_SESDPD-SF-6000,4
2089,14_SESDPD-SF-6000,5
2090,14_SESDPD-SF-6000,8
2091,14_SYIO-CSF-2,10
2092,14_SYIO-CSF-2,16
2093,14_SYIO-CSF-2,2
2094,14_SYIO-CSF-2,21
2095,14_SYIO-CSF-2,4
2096,14_SYIO-CSF-2,5
2097,14_SYIO-CSF-2,7
2098,14_SYIO-CSF-2-3,5
2099,14_SYIO-CSF-3,5
2100,14_SYIO-CSF-3,7
2101,14_SYIO-CSR-1,19
2102,14_SYIO-CSR-1,4
2103,14_SYIO-CSR-1,5
2104,14_SYIO-CSR-2,16
2105,14_SYIO-CSR-2,20
2106,14_SYIO-CSR-2,21
2107,14_SYIO-CSR-2,4
2108,14_SYIO-CSR-2,5
2109,14_SYIO-CSR-3,16
2110,14_SYIO-CSR-3,4
2111,14_SYIO-CSR-3,5
2112,14_SYIO-CSR-3,6
2113,14_SYIO-CSR-3,7
2114,14_SYIO-CT-2-3,16
2115,14_SYIO-CT-2-3,21
2116,14_SYIO-CT-2-3,5
2117,14_SYIO-I-1,2
2118,14_SYIO-I-1,20
2119,14_SYIO-I-1,5
2120,14_SYIO-I-1,6
2121,14_SYIO-I-1,8
2122,14_WLSPD-W-LEWIS-ST,19
2123,14_WLSPD-W-LEWIS-ST,20
2124,14_WLSPD-W-LEWIS-ST,21
2125,14_WLSPD-W-LEWIS-ST,4
2126,14_WLSPD-W-LEWIS-ST,5
2127,15_A-1,1
2128,15_A-1,10
2129,15_A-1,13
2130,15_A-1,15
2131,15_A-1,16
2132,15_A-1,19
2133,15_A-1,20
2134,15_A-1,5
2135,15_A-1,8
2136,15_A-1,9
2137,15_A-2,1
2138,15_A-3,19
2139,15_C,10
2140,15_C,13
2141,15_C,16
2142,15_C,2
2143,15_C,20
2144,15_C,21
2145,15_C,4
2146,15_C,5
2147,15_C,7
2148,15_C-1,10
2149,15_C-1,12
2150,15_C-1,13
2151,15_C-1,21
2152,15_C-1,4
2153,15_C-1,5
2154,15_C-M,2
2155,15_C-M,4
2156,15_C-M,5
2157,15_C/R-3-10,21
2158,15_C/R-3-10,5
2159,15_DISCOVERY HILLS,15
2160,15_DISCOVERY HILLS,19
2161,15_DISCOVERY HILLS,20
2162,15_DISCOVERY HILLS,8
2163,15_E-1-20,1
2164,15_E-1-20,13
2165,15_E-1-20,15
2166,15_E-1-20,19
2167,15_E-1-20,2
2168,15_E-1-20,20
2169,15_E-1-20,21
2170,15_E-1-20,4
2171,15_E-1-20,5
2172,15_E-1-20,8
2173,15_E-1-20 (PRD),15
2174,15_E-1-20 (PRD),19
2175,15_F-C,5
2176,15_HEART OF THE CITY,10
2177,15_HEART OF THE CITY,11
2178,15_HEART OF THE CITY,12
2179,15_HEART OF THE CITY,13
2180,15_HEART OF THE CITY,14
2181,15_HEART OF THE CITY,15
2182,15_HEART OF THE CITY,16
2183,15_HEART OF THE CITY,19
2184,15_HEART OF THE CITY,2
2185,15_HEART OF THE CITY,20
2186,15_HEART OF THE CITY,21
2187,15_HEART OF THE CITY,4
2188,15_HEART OF THE CITY,5
2189,15_HEART OF THE CITY,6
2190,15_HEART OF THE CITY,7
2191,15_HEART OF THE CITY,8
2192,15_L-M,12
2193,15_L-M,14
2194,15_L-M,16
2195,15_L-M,2
2196,15_L-M,21
2197,15_L-M,4
2198,15_L-M,5
2199,15_L-M,6
2200,15_LAS BOSAS PACIFICOS,15
2201,15_LAS BOSAS PACIFICOS,19
2202,15_LAURELS,19
2203,15_LOMA ALTA,19
2204,15_M,12
2205,15_M,16
2206,15_M,2
2207,15_M,21
2208,15_M,4
2209,15_M,5
2210,15_M,6
2211,15_M,9
2212,15_M-2,2
2213,15_M-2,21
2214,15_M-2,4
2215,15_M-2,5
2216,15_O-P,19
2217,15_O-P,2
2218,15_O-P,20
2219,15_O-P,4
2220,15_OLD CREEK RANCH,15
2221,15_OLD CREEK RANCH,19
2222,15_OLD CREEK RANCH,2
2223,15_OLD CREEK RANCH,21
2224,15_OLD CREEK RANCH,4
2225,15_POINSETTIA RANCH,19
2226,15_R-1 (PRD),15
2227,15_R-1 (PRD),16
2228,15_R-1 (PRD),19
2229,15_R-1-10,1
2230,15_R-1-10,10
2231,15_R-1-10,12
2232,15_R-1-10,13
2233,15_R-1-10,15
2234,15_R-1-10,19
2235,15_R-1-10,2
2236,15_R-1-10,20
2237,15_R-1-10,21
2238,15_R-1-10,22
2239,15_R-1-10,4
2240,15_R-1-10,5
2241,15_R-1-10,8
2242,15_R-1-10,9
2243,15_R-1-15,19
2244,15_R-1-15,20
2245,15_R-1-6,19
2246,15_R-1-7.5,13
2247,15_R-1-7.5,16
2248,15_R-1-7.5,19
2249,15_R-1-7.5,20
2250,15_R-1-7.5,8
2251,15_R-2,15
2252,15_R-2,19
2253,15_R-2,20
2254,15_R-2,21
2255,15_R-3-10,12
2256,15_R-3-10,15
2257,15_R-3-10,19
2258,15_R-3-10,2
2259,15_R-3-10,20
2260,15_R-3-10,21
2261,15_R-3-6,15
2262,15_R-3-6,16
2263,15_R-3-6,19
2264,15_R-3-6,20
2265,15_R-3-6,21
2266,15_R-3-6,4
2267,15_R-3-6,5
2268,15_R-3-6,8
2269,15_R-MHP,15
2270,15_R-MHP,19
2271,15_R-MHP,2
2272,15_R-MHP,22
2273,15_R-MHP,4
2274,15_R-MHP,5
2275,15_R-MHP,6
2276,15_R-P,16
2277,15_RANCHO DORADO,19
2278,15_RANCHO DORADO,2
2279,15_RANCHO SANTALINA,19
2280,15_RANCHO SANTALINA,2
2281,15_SAN ELIJO HILLS,15
2282,15_SAN ELIJO HILLS,19
2283,15_SAN ELIJO HILLS,2
2284,15_SAN ELIJO HILLS,20
2285,15_SAN ELIJO HILLS,21
2286,15_SAN ELIJO HILLS,4
2287,15_SAN ELIJO HILLS,5
2288,15_SAN ELIJO HILLS,8
2289,15_SANTA FE HILLS,15
2290,15_SANTA FE HILLS,19
2291,15_SANTA FE HILLS,8
2292,15_SPA,2
2293,15_SPA,21
2294,15_SPA,4
2295,15_SPA,5
2296,15_SPA,8
2297,15_TOWN CENTER,22
2298,15_TWIN OAKS VALLEY RANCH,14
2299,15_TWIN OAKS VALLEY RANCH,15
2300,15_TWIN OAKS VALLEY RANCH,19
2301,15_VALLECITOS RIDGE,19
2302,15_VENZANO,19
2303,15_WALNUT HILLS II,19
2304,15_WALNUT HILLS II,5
2305,16_GC,16
2306,16_GC,19
2307,16_GC,2
2308,16_GC,20
2309,16_GC,21
2310,16_GC,4
2311,16_GC,5
2312,16_GC,6
2313,16_GC/R2,5
2314,16_GC/R22,20
2315,16_GC/R22,21
2316,16_HL,12
2317,16_HL,19
2318,16_HL,2
2319,16_HL,21
2320,16_IG,19
2321,16_IG,2
2322,16_IL,14
2323,16_IL,16
2324,16_IL,19
2325,16_IL,2
2326,16_IL,21
2327,16_IL,22
2328,16_IL,4
2329,16_IL,5
2330,16_IL/GC,13
2331,16_IL/GC,2
2332,16_IL/GC,5
2333,16_IL/R-B,12
2334,16_IL/R-B,19
2335,16_IL/R-B,2
2336,16_IL/R-B,20
2337,16_IL/R-B,5
2338,16_NC,13
2339,16_NC,16
2340,16_NC,19
2341,16_NC,4
2342,16_NC,5
2343,16_NC/R7,5
2344,16_OP,12
2345,16_OP,13
2346,16_OP,14
2347,16_OP,4
2348,16_OP,5
2349,16_OP/R14,21
2350,16_PD,14
2351,16_PD,15
2352,16_PD,19
2353,16_PD,2
2354,16_PD,7
2355,16_PD/H,19
2356,16_PD/H,2
2357,16_PD/H,21
2358,16_R-1A,12
2359,16_R-1A,13
2360,16_R-1A,19
2361,16_R-1A,20
2362,16_R-1A,21
2363,16_R-B,19
2364,16_R-B,2
2365,16_R-B,4
2366,16_R-B,5
2367,16_R1,13
2368,16_R1,16
2369,16_R1,19
2370,16_R1,2
2371,16_R1,20
2372,16_R14,13
2373,16_R14,15
2374,16_R14,19
2375,16_R14,20
2376,16_R14,21
2377,16_R14,8
2378,16_R2,12
2379,16_R2,13
2380,16_R2,15
2381,16_R2,16
2382,16_R2,19
2383,16_R2,2
2384,16_R2,20
2385,16_R2,21
2386,16_R2,22
2387,16_R2,8
2388,16_R2,9
2389,16_R22,15
2390,16_R22,20
2391,16_R22,21
2392,16_R22,4
2393,16_R7,13
2394,16_R7,15
2395,16_R7,19
2396,16_R7,20
2397,16_R7,21
2398,16_R7,22
2399,16_R7,5
2400,16_TC,13
2401,16_TC,15
2402,16_TC,16
2403,16_TC,19
2404,16_TC,20
2405,16_TC,21
2406,16_TC,4
2407,16_TC,5
2408,16_TC,6
2409,17_C,14
2410,17_C,15
2411,17_C,16
2412,17_C,19
2413,17_C,20
2414,17_C,21
2415,17_C,4
2416,17_C,5
2417,17_C,7
2418,17_ER-1,14
2419,17_ER-1,19
2420,17_ER-2,13
2421,17_ER-2,15
2422,17_ER-2,19
2423,17_ER-2,20
2424,17_ER-2,8
2425,17_HR,15
2426,17_HR,16
2427,17_HR,19
2428,17_HR,20
2429,17_HR,21
2430,17_LC,5
2431,17_LI,2
2432,17_LMR,19
2433,17_LMR,20
2434,17_LR,19
2435,17_LR,20
2436,17_LR,21
2437,17_LR/SP,19
2438,17_MHR,13
2439,17_MHR,15
2440,17_MHR,19
2441,17_MHR,2
2442,17_MHR,20
2443,17_MHR,21
2444,17_MHR,8
2445,17_MR,19
2446,17_MR,20
2447,17_MR,21
2448,17_OP,4
2449,17_OP,5
2450,17_PI,13
2451,17_PI,14
2452,17_PI,16
2453,17_PI,2
2454,17_PI,8
2455,17_SC,20
2456,17_SC,21
2457,17_SC,4
2458,17_SC,5
2459,17_SC,6
2460,18_A-1,1
2461,18_A-1,13
2462,18_A-1,19
2463,18_A-1,20
2464,18_C-1,12
2465,18_C-1,13
2466,18_C-1,16
2467,18_C-1,19
2468,18_C-1,2
2469,18_C-1,21
2470,18_C-1,4
2471,18_C-1,5
2472,18_C-1,9
2473,18_C-2,2
2474,18_C-2,21
2475,18_C-2,4
2476,18_C-2,5
2477,18_C-2,6
2478,18_C-2,7
2479,18_C-3,16
2480,18_C-3,2
2481,18_C-3,4
2482,18_C-3,5
2483,18_C-3,7
2484,18_E-1,1
2485,18_E-1,13
2486,18_E-1,19
2487,18_E-1,2
2488,18_E-1,20
2489,18_E-1,5
2490,18_E-1,8
2491,18_E-1,9
2492,18_M-1,19
2493,18_M-1,2
2494,18_M-1,5
2495,18_MHP,22
2496,18_O-P,12
2497,18_O-P,13
2498,18_O-P,4
2499,18_O-P,5
2500,18_O-P,8
2501,18_R-1,1
2502,18_R-1,12
2503,18_R-1,13
2504,18_R-1,15
2505,18_R-1,16
2506,18_R-1,19
2507,18_R-1,2
2508,18_R-1,20
2509,18_R-1,21
2510,18_R-1,4
2511,18_R-1,5
2512,18_R-1,7
2513,18_R-1,8
2514,18_R-1-B,1
2515,18_R-1-B,13
2516,18_R-1-B,19
2517,18_R-1-B,20
2518,18_R-1-B,21
2519,18_R-1-B,4
2520,18_R-1-B,5
2521,18_R-1-B,6
2522,18_SPI,1
2523,18_SPI,10
2524,18_SPI,12
2525,18_SPI,13
2526,18_SPI,14
2527,18_SPI,15
2528,18_SPI,16
2529,18_SPI,19
2530,18_SPI,2
2531,18_SPI,20
2532,18_SPI,21
2533,18_SPI,22
2534,18_SPI,4
2535,18_SPI,5
2536,18_SPI,6
2537,18_SPI,7
2538,18_SPI,8
2539,18_SPI,9
2540,2_A,15
2541,2_A8,15
2542,2_AD,15
2543,2_C-1,16
2544,2_C-1,19
2545,2_C-1,21
2546,2_C-1,4
2547,2_C-1,5
2548,2_C-2,21
2549,2_C-2,4
2550,2_C-2,5
2551,2_C-2,8
2552,2_C-3,21
2553,2_C-3,4
2554,2_C-3,5
2555,2_C-3,8
2556,2_C36,19
2557,2_C36,20
2558,2_C36,5
2559,2_CC,16
2560,2_CC,2
2561,2_CC,21
2562,2_CC,4
2563,2_CC,5
2564,2_CCD,2
2565,2_CCD,4
2566,2_CCD,5
2567,2_CCP,12
2568,2_CCP,13
2569,2_CCP,16
2570,2_CCP,19
2571,2_CCP,2
2572,2_CCP,20
2573,2_CCP,21
2574,2_CCP,4
2575,2_CCP,5
2576,2_CCP,7
2577,2_CN,21
2578,2_CN,5
2579,2_CNP,5
2580,2_CO,20
2581,2_CO,21
2582,2_CO,4
2583,2_CO,5
2584,2_COP,12
2585,2_COP,15
2586,2_COP,21
2587,2_COP,4
2588,2_COP,5
2589,2_CT,21
2590,2_CT,4
2591,2_CT,5
2592,2_CT,7
2593,2_CTD,21
2594,2_CTD,4
2595,2_CTD,5
2596,2_CTP,2
2597,2_CTP,21
2598,2_CTP,4
2599,2_CTP,5
2600,2_CTP,8
2601,2_CVP,15
2602,2_CVP,2
2603,2_CVP,4
2604,2_CVP,5
2605,2_CVP,7
2606,2_I,15
2607,2_I,2
2608,2_I,3
2609,2_I,4
2610,2_I,5
2611,2_IL,14
2612,2_IL,2
2613,2_IL,21
2614,2_IL,4
2615,2_IL,5
2616,2_IL,6
2617,2_IL,8
2618,2_ILP,14
2619,2_ILP,16
2620,2_ILP,19
2621,2_ILP,2
2622,2_ILP,20
2623,2_ILP,21
2624,2_ILP,22
2625,2_ILP,4
2626,2_ILP,5
2627,2_ILP,6
2628,2_IP,16
2629,2_IP,2
2630,2_IP,5
2631,2_M52,19
2632,2_M52,2
2633,2_M52,4
2634,2_M52,5
2635,2_M54,19
2636,2_M54,2
2637,2_M54,5
2638,2_MHP,15
2639,2_MHP,19
2640,2_MHP,2
2641,2_MHP,21
2642,2_MHP,22
2643,2_MHP,4
2644,2_MHP,5
2645,2_PC,10
2646,2_PC,13
2647,2_PC,14
2648,2_PC,15
2649,2_PC,16
2650,2_PC,19
2651,2_PC,2
2652,2_PC,20
2653,2_PC,21
2654,2_PC,4
2655,2_PC,5
2656,2_PC,7
2657,2_PC,8
2658,2_PC,9
2659,2_PC10C/RM2,21
2660,2_PC10C/RM2/CPF,21
2661,2_PC10C/RM2/CPF,4
2662,2_PC10C/RM2/CPF,5
2663,2_PC10CPF,13
2664,2_PC10CPF,15
2665,2_PC10RM1,19
2666,2_PC10RM1,21
2667,2_PC10RM1,8
2668,2_PC10RM2,15
2669,2_PC10RM2,19
2670,2_PC10RM2,21
2671,2_PC10SF3,19
2672,2_PC10SF3,2
2673,2_PC10SF4,15
2674,2_PC10SF4,16
2675,2_PC10SF4,19
2676,2_PC11CPF,13
2677,2_PC11CPF,15
2678,2_PC11MU,21
2679,2_PC11MU,4
2680,2_PC11MU,5
2681,2_PC11RM1,19
2682,2_PC11RM1,20
2683,2_PC11RM1,21
2684,2_PC11RM1,8
2685,2_PC11RM2,15
2686,2_PC11RM2,19
2687,2_PC11RM2,20
2688,2_PC11RM2,21
2689,2_PC11SF3,19
2690,2_PC11SF3,9
2691,2_PC11SF4,19
2692,2_PC11SF4,21
2693,2_PC12FC1,5
2694,2_PC12FC2,21
2695,2_PC12FC2,5
2696,2_PC13CPF,15
2697,2_PC13CPF,16
2698,2_PC13MU/RM1,21
2699,2_PC13MU/RM1,4
2700,2_PC13MU/RM1,5
2701,2_PC13RM1,19
2702,2_PC13RM1,20
2703,2_PC13RM1,21
2704,2_PC13RM2,20
2705,2_PC13RM2,21
2706,2_PC13S1RM1,8
2707,2_PC13S2RM1,8
2708,2_PC13SF3,19
2709,2_PC13SF4,19
2710,2_PC14CPF,15
2711,2_PC14RM1,15
2712,2_PC14RM1,19
2713,2_PC14RM1,20
2714,2_PC14RM1,21
2715,2_PC14RM1,8
2716,2_PC14RM1,9
2717,2_PC14RM2,20
2718,2_PC14RM2,21
2719,2_PC14SF3,21
2720,2_PC14SF4,19
2721,2_PC14SF4,21
2722,2_PC1CPF,13
2723,2_PC1CPF,8
2724,2_PC1RE,19
2725,2_PC1RE,20
2726,2_PC1RS,19
2727,2_PC2C1,2
2728,2_PC2C1,5
2729,2_PC2C2,14
2730,2_PC2CPF,13
2731,2_PC2CPF,14
2732,2_PC2EP1A,5
2733,2_PC2EP1B,2
2734,2_PC2EP1B,4
2735,2_PC2EP1B,5
2736,2_PC2RC,15
2737,2_PC2RC,20
2738,2_PC2RC,21
2739,2_PC2RE,19
2740,2_PC2RP,15
2741,2_PC2RP,19
2742,2_PC2RS,19
2743,2_PC3RC,15
2744,2_PC3RC,19
2745,2_PC3RC,20
2746,2_PC3RC,21
2747,2_PC3RP,19
2748,2_PC3RS,15
2749,2_PC3RS,19
2750,2_PC4BC1,16
2751,2_PC4BC1,2
2752,2_PC4BC1,4
2753,2_PC4BC1,8
2754,2_PC4BC2,16
2755,2_PC4BC2,2
2756,2_PC4BC2,4
2757,2_PC4BC3,4
2758,2_PC4BC3,5
2759,2_PC4BC4,2
2760,2_PC4BC4,4
2761,2_PC4BC4,5
2762,2_PC4CPF,15
2763,2_PC4FC,5
2764,2_PC4PA,14
2765,2_PC4PA,2
2766,2_PC4PA,4
2767,2_PC4PQ,13
2768,2_PC4PQ,2
2769,2_PC4RC10,15
2770,2_PC4RC10,19
2771,2_PC4RC10,20
2772,2_PC4RC10,21
2773,2_PC4RC10,8
2774,2_PC4RC13,19
2775,2_PC4RC13,20
2776,2_PC4RC13,21
2777,2_PC4RC15,15
2778,2_PC4RC15,19
2779,2_PC4RC15,20
2780,2_PC4RC15,21
2781,2_PC4RC22,15
2782,2_PC4RC22,19
2783,2_PC4RC22,20
2784,2_PC4RC22,21
2785,2_PC4RE3,19
2786,2_PC4RM25,15
2787,2_PC4RM25,19
2788,2_PC4RM25,20
2789,2_PC4RM25,21
2790,2_PC4RP13,15
2791,2_PC4RP13,19
2792,2_PC4RP13,20
2793,2_PC4RP5,19
2794,2_PC4RP8,15
2795,2_PC4RP8,19
2796,2_PC4RP8,20
2797,2_PC4RPSL,19
2798,2_PC4RS5,19
2799,2_PC4RS7,19
2800,2_PC4RS7,20
2801,2_PC4VC1,4
2802,2_PC4VC1,5
2803,2_PC4VC1A,4
2804,2_PC4VC1A,5
2805,2_PC4VC2,13
2806,2_PC4VC2,4
2807,2_PC4VC2,5
2808,2_PC4VC2,8
2809,2_PC4VC3,5
2810,2_PC4VC4,4
2811,2_PC4VC4,5
2812,2_PC4VC4,8
2813,2_PC4VC5,5
2814,2_PC5CPF,13
2815,2_PC5CPF,15
2816,2_PC5PQ,16
2817,2_PC5PQ,8
2818,2_PC5RC,15
2819,2_PC5RC,20
2820,2_PC5RC,21
2821,2_PC5RE1,19
2822,2_PC5RE2,19
2823,2_PC5RE3,19
2824,2_PC5RL1,19
2825,2_PC5RL1,20
2826,2_PC5RL2,19
2827,2_PC5RL3,19
2828,2_PC5RL4,19
2829,2_PC5RM,21
2830,2_PC5RP1,19
2831,2_PC5RP2,19
2832,2_PC5RS1,19
2833,2_PC5RS1A,19
2834,2_PC5RS2,19
2835,2_PC5VC,5
2836,2_PC6CPF,13
2837,2_PC6CPF,15
2838,2_PC6IS,16
2839,2_PC6IS,8
2840,2_PC6MF,15
2841,2_PC6MF,19
2842,2_PC6MF,2
2843,2_PC6MF,21
2844,2_PC6SF1,19
2845,2_PC6SF2,19
2846,2_PC6SF3,15
2847,2_PC6SF3,19
2848,2_PC6SF4,15
2849,2_PC6SF4,19
2850,2_PC6SFA,15
2851,2_PC6SFA,19
2852,2_PC6SFE,19
2853,2_PC6SFE,20
2854,2_PC7CP/CPF,15
2855,2_PC7CPF,12
2856,2_PC7CR,5
2857,2_PC7ES,8
2858,2_PC7MF,21
2859,2_PC7SF1,19
2860,2_PC7SF2,19
2861,2_PC7SF3,19
2862,2_PC7SF4,19
2863,2_PC7SF5,19
2864,2_PC7SFA,19
2865,2_PC7SFA,21
2866,2_PC7SFE,19
2867,2_PC8SFE1,19
2868,2_PC9RC,20
2869,2_PC9RC,21
2870,2_PC9RM,21
2871,2_PC9RP,19
2872,2_PC9RS,19
2873,2_PC9VC,4
2874,2_PC9VC,5
2875,2_R1,10
2876,2_R1,12
2877,2_R1,13
2878,2_R1,14
2879,2_R1,15
2880,2_R1,16
2881,2_R1,19
2882,2_R1,2
2883,2_R1,20
2884,2_R1,21
2885,2_R1,4
2886,2_R1,5
2887,2_R1,7
2888,2_R1,8
2889,2_R1,9
2890,2_R1-7P,19
2891,2_R1-7P,20
2892,2_R110,16
2893,2_R110,19
2894,2_R110,20
2895,2_R110H,19
2896,2_R110H,21
2897,2_R110P,19
2898,2_R110P,20
2899,2_R115,19
2900,2_R115,20
2901,2_R115P,19
2902,2_R15,15
2903,2_R15,20
2904,2_R15P,13
2905,2_R15P,16
2906,2_R15P,19
2907,2_R15P,2
2908,2_R15P,20
2909,2_R16P,19
2910,2_R16P,2
2911,2_R16P,20
2912,2_R1H,12
2913,2_R1H,16
2914,2_R1HP,19
2915,2_R1HP,20
2916,2_R1P,15
2917,2_R1P,19
2918,2_R1P,20
2919,2_R1P4,19
2920,2_R1P4,5
2921,2_R1P5,15
2922,2_R1P5,19
2923,2_R1P5,2
2924,2_R1P5.5,15
2925,2_R1P5.5,19
2926,2_R1P6,19
2927,2_R1P7,13
2928,2_R1P7,15
2929,2_R1P7,16
2930,2_R1P7,19
2931,2_R1P7,20
2932,2_R1P7,21
2933,2_R1PUD,20
2934,2_R2,13
2935,2_R2,19
2936,2_R2,20
2937,2_R2,21
2938,2_R2,4
2939,2_R2,5
2940,2_R2,7
2941,2_R2,8
2942,2_R220D,19
2943,2_R220D,20
2944,2_R2P,13
2945,2_R2P,16
2946,2_R2P,19
2947,2_R2P,2
2948,2_R2P,20
2949,2_R2P,21
2950,2_R2P,22
2951,2_R2P,4
2952,2_R2P,5
2953,2_R2P,8
2954,2_R2T,15
2955,2_R2T,19
2956,2_R2T,20
2957,2_R2TP,19
2958,2_R2TP,20
2959,2_R3,12
2960,2_R3,13
2961,2_R3,15
2962,2_R3,16
2963,2_R3,19
2964,2_R3,2
2965,2_R3,20
2966,2_R3,21
2967,2_R3,4
2968,2_R3,5
2969,2_R3,8
2970,2_R3D,19
2971,2_R3D,21
2972,2_R3D,4
2973,2_R3D,5
2974,2_R3G,19
2975,2_R3G,20
2976,2_R3G,21
2977,2_R3G,4
2978,2_R3GD,19
2979,2_R3GD,2
2980,2_R3GD,20
2981,2_R3GD,21
2982,2_R3GD,8
2983,2_R3GP,13
2984,2_R3GP,20
2985,2_R3GP,21
2986,2_R3H,21
2987,2_R3HP,21
2988,2_R3L,19
2989,2_R3L,20
2990,2_R3L,21
2991,2_R3M,20
2992,2_R3M,21
2993,2_R3M,8
2994,2_R3MP,19
2995,2_R3MP,21
2996,2_R3P,19
2997,2_R3P,20
2998,2_R3P,21
2999,2_R3P,4
3000,2_R3P,5
3001,2_R3P10,13
3002,2_R3P10,5
3003,2_R3P11,15
3004,2_R3P11,21
3005,2_R3P12,15
3006,2_R3P12,19
3007,2_R3P12,20
3008,2_R3P12,21
3009,2_R3P13,21
3010,2_R3P14,13
3011,2_R3P14,19
3012,2_R3P14,20
3013,2_R3P14,21
3014,2_R3P14,8
3015,2_R3P16,21
3016,2_R3P17,21
3017,2_R3P19,21
3018,2_R3P22,16
3019,2_R3P22,19
3020,2_R3P22,20
3021,2_R3P22,21
3022,2_R3P22,4
3023,2_R3P22,5
3024,2_R3P5,19
3025,2_R3P7,20
3026,2_R3P8,19
3027,2_R3P8,20
3028,2_R3P8,21
3029,2_R3P9,2
3030,2_R3P9,22
3031,2_RE,1
3032,2_RE,15
3033,2_RE,19
3034,2_RE,2
3035,2_RE,20
3036,2_RE40,19
3037,2_RED,15
3038,2_RED,19
3039,2_RED,8
3040,2_REP,19
3041,2_REP,2
3042,2_REP,20
3043,2_REPUD,19
3044,2_RV15,15
3045,2_RV15,16
3046,2_RV15,19
3047,2_RV15,20
3048,2_RV15,21
3049,2_RV15,4
3050,2_RV15,5
3051,2_UC-1,19
3052,2_UC-1,21
3053,2_UC-1,4
3054,2_UC-1,5
3055,2_UC-10,21
3056,2_UC-10,4
3057,2_UC-10,5
3058,2_UC-10,7
3059,2_UC-12,21
3060,2_UC-12,4
3061,2_UC-12,5
3062,2_UC-13,21
3063,2_UC-13,4
3064,2_UC-13,5
3065,2_UC-14,15
3066,2_UC-14,2
3067,2_UC-14,21
3068,2_UC-14,4
3069,2_UC-14,5
3070,2_UC-14,7
3071,2_UC-15,21
3072,2_UC-15,4
3073,2_UC-15,5
3074,2_UC-15,7
3075,2_UC-16,21
3076,2_UC-16,4
3077,2_UC-16,5
3078,2_UC-16,7
3079,2_UC-18,5
3080,2_UC-18,7
3081,2_UC-19,5
3082,2_UC-19,8
3083,2_UC-2,21
3084,2_UC-2,4
3085,2_UC-2,5
3086,2_UC-4,12
3087,2_UC-4,21
3088,2_UC-5,19
3089,2_UC-5,21
3090,2_UC-5,4
3091,2_UC-5,5
3092,2_UC-6,21
3093,2_UC-6,4
3094,2_UC-6,5
3095,2_UC-7,21
3096,2_UC-7,4
3097,2_UC-7,5
3098,2_UC-9,21
3099,2_UC-9,4
3100,2_UC-9,5
3101,2_UC-9,7
3102,2_UNZ,19
3103,2_UNZ,2
3104,2_V-1,21
3105,2_V-1,4
3106,2_V-1,5
3107,2_V-2,21
3108,2_V-2,4
3109,2_V-2,5
3110,2_V-3,16
3111,2_V-3,21
3112,2_V-3,4
3113,2_V-3,5
3114,2_V-4,15
3115,2_V-4,16
3116,2_V-4,2
3117,2_V-4,21
3118,2_V-4,4
3119,2_V-4,5
3120,3_C,13
3121,3_C,16
3122,3_C,21
3123,3_C,4
3124,3_C,5
3125,3_C,7
3126,3_CR,14
3127,3_CR,15
3128,3_CR,2
3129,3_CR,5
3130,3_CU,12
3131,3_CU,15
3132,3_CU,16
3133,3_CU,2
3134,3_CU,8
3135,3_CU,9
3136,3_HM,15
3137,3_HM,16
3138,3_HM,7
3139,3_R-1A,19
3142,3_R-1A(BF),19
3144,3_R-1A(CC-1),19
3146,3_R-1A(CC-2),19
3147,3_R-1A(CC-3),19
3149,3_R-1A(E),19
3152,3_R-1B,19
3158,3_R-3,19
3160,3_R-3,20
3161,3_R-3,21
3167,3_R-3/P,19
3168,3_R-3/P,20
3169,3_R-3/P,21
3175,3_R-4,19
3177,3_R-4,20
3178,3_R-4,21
3181,3_R-5,21
3183,3_RPCD,21
3184,4_BC,14
3185,4_BC,19
3186,4_BC,5
3187,4_CC,4
3188,4_CC,5
3189,4_CVPP,15
3190,4_CVPP,19
3191,4_FR,14
3192,4_HSP,7
3193,4_NC,4
3194,4_PC,4
3195,4_PF,16
3196,4_PF,2
3197,4_PF,8
3198,4_PF,9
3199,4_PSP,5
3200,4_R2,19
3201,4_R2,20
3202,4_R2,21
3205,4_RC,19
3206,4_RC,20
3207,4_RC,4
3208,4_VC,7
3209,5_C-M,13
3210,5_C-M,2
3211,5_C-M,21
3212,5_C-M,4
3213,5_C-M,5
3214,5_C-R,14
3215,5_C-R,16
3216,5_C-R,21
3217,5_C-R,4
3218,5_C-R,5
3219,5_M,16
3220,5_M,2
3221,5_M,21
3222,5_M,3
3223,5_M,4
3224,5_M,5
3225,5_M,6
3226,5_M-H,2
3227,5_M-H,3
3228,5_O-P,12
3229,5_O-P,13
3230,5_O-P,16
3231,5_O-P,19
3232,5_O-P,20
3233,5_O-P,21
3234,5_O-P,4
3235,5_O-P,5
3236,5_O-P,8
3237,5_O-P-H,19
3238,5_O-P-H,4
3239,5_O-P-H,5
3240,5_PRD-LOW,15
3241,5_PRD-LOW,19
3242,5_PRD-LOW,20
3243,5_PRD-LOW,21
3244,5_PRD-LOW,22
3245,5_PRD-LOW,4
3246,5_PRD-LOW-H,19
3247,5_PRD-LOW-H,20
3248,5_PRD-LOW-H,21
3249,5_PRD-LOW-LOW,19
3250,5_PRD-LOW-LOW-H,19
3251,5_PRD-LOW-LOW-H,20
3252,5_PRD-LOW-MED,19
3253,5_PRD-LOW-MED,20
3254,5_PRD-LOW-MED,21
3255,5_PRD-MED,19
3256,5_PRD-MED,20
3257,5_PRD-MED,21
3258,6_AG,1
3259,6_AG,13
3260,6_AG,15
3261,6_AG,19
3262,6_BP,4
3263,6_D-CC,16
3264,6_D-CM-1,13
3265,6_D-CM-1,20
3266,6_D-CM-1,21
3267,6_D-CM-1,4
3268,6_D-CM-1,5
3269,6_D-CM-2,13
3270,6_D-CM-2,20
3271,6_D-CM-2,21
3272,6_D-CM-2,4
3273,6_D-CM-2,5
3274,6_D-OM,19
3275,6_D-OM,20
3276,6_D-OM,21
3277,6_D-OM,4
3278,6_D-OM,5
3279,6_D-OP,5
3280,6_D-P/SP,16
3281,6_D-P/SP,4
3282,6_D-P/SP,5
3283,6_D-R11,19
3284,6_D-R11,20
3285,6_D-R11,21
3286,6_D-R15,13
3287,6_D-R15,15
3288,6_D-R15,19
3289,6_D-R15,20
3290,6_D-R15,21
3291,6_D-R25,13
3292,6_D-R25,19
3293,6_D-R25,20
3294,6_D-R25,21
3295,6_D-VCM,19
3296,6_D-VCM,20
3297,6_D-VCM,21
3298,6_D-VCM,4
3299,6_D-VCM,5
3300,6_D-VSC,16
3301,6_D-VSC,7
3302,6_ER-C,15
3303,6_ER-C,5
3304,6_ER-MU1,20
3305,6_ER-MU1,21
3306,6_ER-MU2,21
3307,6_ER-MU2,4
3308,6_ER-SFR3,1
3309,6_ER-SFR3,19
3310,6_ER-SFR3,20
3311,6_ER-SFR3V,19
3312,6_ER-SFR3V,20
3313,6_ER-SFR5,1
3314,6_ER-SFR5,15
3315,6_ER-SFR5,19
3316,6_GC,13
3317,6_GC,15
3318,6_GC,16
3319,6_GC,19
3320,6_GC,20
3321,6_GC,21
3322,6_GC,4
3323,6_GC,5
3324,6_GC,7
3325,6_GC-PCD,4
3326,6_Home Depot,2
3327,6_Home Depot,5
3328,6_LC,4
3329,6_LC,5
3330,6_LC,8
3331,6_LI,2
3332,6_LLC,4
3333,6_LLC,5
3334,6_LVSC,5
3335,6_LVSC,7
3336,6_MHP,22
3337,6_N-CM-1,21
3338,6_N-CM-1,4
3339,6_N-CM-1,5
3340,6_N-CM-2,20
3341,6_N-CM-2,21
3342,6_N-CM-2,22
3343,6_N-CM-2,4
3344,6_N-CM-2,5
3345,6_N-CM-3,20
3346,6_N-CM-3,21
3347,6_N-CM-3,4
3348,6_N-CM-3,5
3349,6_N-CRM-1,19
3350,6_N-CRM-1,20
3351,6_N-CRM-1,21
3352,6_N-CRM-1,22
3353,6_N-CRM-1,4
3354,6_N-CRM-1,5
3355,6_N-CRM-1,7
3356,6_N-CRM-2,19
3357,6_N-CRM-2,20
3358,6_N-CRM-2,21
3359,6_N-CRM-2,4
3360,6_N-CRM-2,5
3361,6_N-LVSC,7
3362,6_N-MHP,22
3363,6_N-P/SP,8
3364,6_N-R15,2
3365,6_N-R15,21
3366,6_N-R15,4
3367,6_N-R15,5
3368,6_N-R20,19
3369,6_N-R20,21
3370,6_N-R25,19
3371,6_N-R25,20
3372,6_N-R25,21
3373,6_N-R25,22
3374,6_N-R3,19
3375,6_N-R3,20
3376,6_N-R8,15
3377,6_N-R8,19
3378,6_N-R8,20
3379,6_N-R8,21
3380,6_N-VSC,2
3381,6_N-VSC,5
3382,6_N-VSC,7
3383,6_OP,1
3384,6_OP,14
3385,6_OP,16
3386,6_OP,19
3387,6_OP,2
3388,6_OP,20
3389,6_OP,21
3390,6_OP,4
3391,6_OP,5
3392,6_P/SP,10
3393,6_P/SP,12
3394,6_P/SP,13
3395,6_P/SP,14
3396,6_P/SP,15
3397,6_P/SP,16
3398,6_P/SP,19
3399,6_P/SP,2
3400,6_P/SP,21
3401,6_P/SP,4
3402,6_P/SP,6
3403,6_P/SP,7
3404,6_P/SP,8
3405,6_P/SP,9
3406,6_R11,1
3407,6_R11,12
3408,6_R11,13
3409,6_R11,15
3410,6_R11,19
3411,6_R11,2
3412,6_R11,20
3413,6_R11,21
3414,6_R11,22
3415,6_R11,4
3416,6_R11,5
3417,6_R11,8
3418,6_R15,15
3419,6_R15,19
3420,6_R15,20
3421,6_R15,21
3422,6_R20,19
3423,6_R20,21
3424,6_R25,19
3425,6_R25,20
3426,6_R25,21
3427,6_R3,1
3428,6_R3,12
3429,6_R3,13
3430,6_R3,14
3431,6_R3,15
3432,6_R3,16
3433,6_R3,19
3434,6_R3,2
3435,6_R3,20
3436,6_R3,21
3437,6_R3,4
3438,6_R3,8
3439,6_R5,1
3440,6_R5,13
3441,6_R5,15
3442,6_R5,19
3443,6_R5,20
3444,6_R5,21
3445,6_R8,1
3446,6_R8,12
3447,6_R8,13
3448,6_R8,14
3449,6_R8,15
3450,6_R8,16
3451,6_R8,19
3452,6_R8,20
3453,6_R8,21
3454,6_R8,5
3455,6_R8,8
3456,6_RR,1
3457,6_RR,19
3458,6_RR,2
3459,6_RR,20
3460,6_RR,8
3461,6_RR1,1
3462,6_RR1,13
3463,6_RR1,14
3464,6_RR1,19
3465,6_RR1,20
3466,6_RR1,21
3467,6_RR1,4
3468,6_RR1,5
3469,6_RR1,8
3470,6_RR2,1
3471,6_RR2,12
3472,6_RR2,13
3473,6_RR2,15
3474,6_RR2,16
3475,6_RR2,19
3476,6_RR2,2
3477,6_RR2,20
3478,6_RR2,21
3479,6_RR2,4
3480,6_RR2,5
3481,6_RR2,8
3482,6_RRFP,1
3483,6_RRFP,19
3484,6_RS11,13
3485,6_RS11,19
3486,6_RS11,20
3487,6_RS11,21
3488,6_RS11,5
3489,6_VSC,2
3490,6_VSC,5
3491,6_VSC,7
3492,7_C-G,12
3493,7_C-G,13
3494,7_C-G,14
3495,7_C-G,15
3496,7_C-G,16
3497,7_C-G,19
3498,7_C-G,2
3499,7_C-G,20
3500,7_C-G,21
3501,7_C-G,22
3502,7_C-G,4
3503,7_C-G,5
3504,7_C-G,6
3505,7_C-G,7
3506,7_C-G,9
3507,7_C-G/R-1-10,19
3508,7_C-G/R-1-10,5
3509,7_C-G/R-4-24,19
3510,7_C-G/R-4-24,20
3511,7_C-G/R-4-24,21
3512,7_C-G/R-4-24,5
3513,7_C-N,19
3514,7_C-N,5
3515,7_C-P,16
3516,7_C-P,20
3517,7_C-P,4
3518,7_C-P,5
3519,7_H-P,12
3520,7_H-P,13
3521,7_H-P,16
3522,7_H-P,19
3523,7_H-P,20
3524,7_H-P,21
3525,7_H-P,4
3526,7_H-P,5
3527,7_I-P,2
3528,7_I-P-O,2
3529,7_M-1,16
3530,7_M-1,19
3531,7_M-1,2
3532,7_M-1,20
3533,7_M-1,21
3534,7_M-1,4
3535,7_M-1,5
3536,7_M-1,6
3537,7_M-1/M-2,16
3538,7_M-1/M-2,2
3539,7_M-2,16
3540,7_M-2,19
3541,7_M-2,2
3542,7_M-2,20
3543,7_M-2,21
3544,7_M-2,6
3545,7_PD-C,14
3546,7_PD-C,15
3547,7_PD-C,19
3548,7_PD-C,2
3549,7_PD-C,4
3550,7_PD-C,5
3551,7_PD-C,8
3552,7_PD-C/R1-10,19
3553,7_PD-C/R1-10,5
3554,7_PD-C/RE-20,4
3555,7_PD-I,2
3556,7_PD-R,15
3557,7_PD-R,16
3558,7_PD-R,19
3559,7_PD-R,20
3560,7_PD-R 0.43,19
3561,7_PD-R 1.0,19
3562,7_PD-R 1.02,19
3563,7_PD-R 1.22,19
3564,7_PD-R 1.43,19
3565,7_PD-R 1.65,19
3566,7_PD-R 1.9,15
3567,7_PD-R 1.9,19
3568,7_PD-R 1.9,20
3569,7_PD-R 1.97,19
3570,7_PD-R 1.98,19
3571,7_PD-R 12,21
3572,7_PD-R 13.15,19
3573,7_PD-R 13.15,20
3574,7_PD-R 18,21
3575,7_PD-R 2.0,19
3576,7_PD-R 2.33,19
3577,7_PD-R 2.81,19
3578,7_PD-R 2.82,19
3579,7_PD-R 2.96,19
3580,7_PD-R 22,21
3581,7_PD-R 24,21
3582,7_PD-R 3.3,15
3583,7_PD-R 3.3,19
3584,7_PD-R 3.3,20
3585,7_PD-R 4.04,19
3586,7_PD-R 4.3,19
3587,7_PD-R 4.8,19
3588,7_PD-R 5.27,19
3589,7_PD-R 5.43,19
3590,7_PD-R 5.5,15
3591,7_PD-R 5.5,16
3592,7_PD-R 5.5,19
3593,7_PD-R 5.5,21
3594,7_PD-R 6.14,15
3595,7_PD-R 6.14,22
3596,7_PD-R 7,21
3597,7_PD-R 7.24,22
3598,7_PD-R 73,21
3599,7_PD-R 9.78,15
3600,7_PD-R 9.78,22
3601,7_PD/MU,19
3602,7_PD/MU,20
3603,7_PD/MU,21
3604,7_PD/MU,5
3605,7_PD/MU 18.5,21
3606,7_PD/MU 18.5,4
3607,7_PD/MU 18.5,5
3608,7_PD/MU 18.5,7
3609,7_PD/MU 40.12,21
3610,7_R-1-10,1
3611,7_R-1-10,12
3612,7_R-1-10,13
3613,7_R-1-10,19
3614,7_R-1-10,2
3615,7_R-1-10,20
3616,7_R-1-10,21
3617,7_R-1-10,4
3618,7_R-1-10,5
3619,7_R-1-10,8
3620,7_R-1-10,9
3621,7_R-1-12,13
3622,7_R-1-12,19
3623,7_R-1-12,20
3624,7_R-1-15,1
3625,7_R-1-15,19
3626,7_R-1-15,20
3627,7_R-1-15,22
3628,7_R-1-20,12
3629,7_R-1-20,19
3630,7_R-1-20,20
3631,7_R-1-6,12
3632,7_R-1-6,13
3633,7_R-1-6,15
3634,7_R-1-6,16
3635,7_R-1-6,19
3636,7_R-1-6,2
3637,7_R-1-6,20
3638,7_R-1-6,21
3639,7_R-1-6,5
3640,7_R-1-6,8
3641,7_R-1-7,1
3642,7_R-1-7,12
3643,7_R-1-7,13
3644,7_R-1-7,14
3645,7_R-1-7,15
3646,7_R-1-7,16
3647,7_R-1-7,19
3648,7_R-1-7,2
3649,7_R-1-7,20
3650,7_R-1-7,21
3651,7_R-1-7,22
3652,7_R-1-7,6
3653,7_R-1-7,8
3654,7_R-1-8,13
3655,7_R-1-8,19
3656,7_R-1-8,20
3657,7_R-1-8,21
3658,7_R-1-8,8
3659,7_R-2-10,19
3660,7_R-2-10,20
3661,7_R-2-10,21
3662,7_R-2-11,19
3663,7_R-2-11,20
3664,7_R-2-11,21
3665,7_R-2-12,12
3666,7_R-2-12,13
3667,7_R-2-12,14
3668,7_R-2-12,15
3669,7_R-2-12,16
3670,7_R-2-12,19
3671,7_R-2-12,20
3672,7_R-2-12,21
3673,7_R-2-12,4
3674,7_R-2-12,5
3675,7_R-2-12,8
3676,7_R-2-15,19
3677,7_R-2-15,20
3678,7_R-2-15,21
3679,7_R-2-7,19
3680,7_R-2-7,20
3681,7_R-2-8,19
3682,7_R-2-8,20
3683,7_R-2-8,21
3684,7_R-3-18,12
3685,7_R-3-18,13
3686,7_R-3-18,15
3687,7_R-3-18,16
3688,7_R-3-18,19
3689,7_R-3-18,20
3690,7_R-3-18,21
3691,7_R-3-18,8
3692,7_R-3-22,19
3693,7_R-3-22,20
3694,7_R-3-22,21
3695,7_R-4-24,13
3696,7_R-4-24,19
3697,7_R-4-24,20
3698,7_R-4-24,21
3699,7_R-4-30,12
3700,7_R-4-30,20
3701,7_R-4-30,21
3702,7_R1-10/RE-2-10,1
3703,7_R1-10/RE-2-10,19
3704,7_R1-10/RE-20,19
3705,7_R1-15/RE-20,19
3706,7_RA-10,1
3707,7_RA-10,19
3708,7_RA-5,1
3709,7_RA-5,15
3710,7_RA-5,19
3711,7_RA-5,2
3712,7_RA-5,8
3713,7_RA-5/RE-40,19
3714,7_RE-170,19
3715,7_RE-2-10,1
3716,7_RE-2-10,12
3717,7_RE-2-10,16
3718,7_RE-2-10,19
3719,7_RE-2-10,2
3720,7_RE-20,1
3721,7_RE-20,12
3722,7_RE-20,13
3723,7_RE-20,15
3724,7_RE-20,16
3725,7_RE-20,19
3726,7_RE-20,2
3727,7_RE-20,20
3728,7_RE-20,4
3729,7_RE-20,5
3730,7_RE-20,8
3731,7_RE-20,9
3732,7_RE-20/R1-10,19
3733,7_RE-20/R1-15,19
3734,7_RE-20/RE-40,19
3735,7_RE-20/RE-80,1
3736,7_RE-20/RE-80,15
3737,7_RE-20/RE-80,19
3738,7_RE-30,19
3739,7_RE-30,20
3740,7_RE-30,8
3741,7_RE-40,1
3742,7_RE-40,12
3743,7_RE-40,13
3744,7_RE-40,19
3745,7_RE-40,2
3746,7_RE-40,4
3747,7_RE-40,8
3748,7_RE-40,9
3749,7_RE-40/RA-5,19
3750,7_RE-80,19
3751,7_RT,12
3752,7_RT,15
3753,7_RT,19
3754,7_RT,21
3755,7_RT,22
3756,7_RT/RE-20,19
3757,7_RT/RE-20,22
3758,7_SPA 1,15
3759,7_SPA 1,19
3760,7_SPA 1,2
3761,7_SPA 3,14
3762,7_SPA 3,15
3763,7_SPA 3,19
3764,7_SPA 5,13
3765,7_SPA 5,15
3766,7_SPA 5,19
3767,7_SPA 5,2
3768,7_SPA 5,9
3769,7_SPA 6,14
3770,7_SPA 6,15
3771,7_SPA 6,19
3772,7_SPA 6,5
3773,7_SPA 8,12
3774,7_SPA 8,2
3775,7_SPA 8,4
3776,7_SPA 9,12
3777,7_SPA 9,13
3778,7_SPA 9,15
3779,7_SPA 9,16
3780,7_SPA 9,19
3781,7_SPA 9,2
3782,7_SPA 9,20
3783,7_SPA 9,21
3784,7_SPA 9,4
3785,7_SPA 9,5
3786,7_SPA 9,8
3787,8_C-1,12
3788,8_C-1,15
3789,8_C-1,16
3790,8_C-1,21
3791,8_C-1,4
3792,8_C-1,5
3793,8_C-2,15
3794,8_C-2,20
3795,8_C-2,21
3796,8_C-2,4
3797,8_C-2,5
3798,8_C-2,7
3799,8_C-3,19
3800,8_C-3,20
3801,8_C-3,21
3802,8_C-3,4
3803,8_C-3,5
3804,8_PF,15
3805,8_PF,16
3806,8_PF,5
3807,8_PF,6
3808,8_PF,8
3809,8_PF,9
3810,8_R-1-3800,19
3811,8_R-1-3800,20
3812,8_R-1-6000,13
3813,8_R-1-6000,19
3814,8_R-1-6000,2
3815,8_R-1-6000,20
3816,8_R-1-6000,21
3817,8_R-1500,13
3818,8_R-1500,15
3819,8_R-1500,19
3820,8_R-1500,20
3821,8_R-1500,21
3822,8_R-1500,5
3823,8_R-1500/MU-1,19
3824,8_R-1500/MU-1,20
3825,8_R-1500/MU-1,21
3826,8_R-1500/MU-1,4
3827,8_R-1500/MU-1,5
3828,8_R-1500/MU-2,19
3829,8_R-1500/MU-2,20
3830,8_R-1500/MU-2,21
3831,8_R-1500/MU-2,4
3832,8_R-1500/MU-2,5
3833,8_R-2000,13
3834,8_R-2000,19
3835,8_R-2000,20
3836,8_R-2000,21
3837,8_R-2000,5
3838,8_R-2000/MU-1,19
3839,8_R-2000/MU-1,20
3840,8_R-2000/MU-1,21
3841,8_R-2000/MU-1,4
3842,8_R-2000/MU-1,5
3843,8_R-3000,13
3844,8_R-3000,19
3845,8_R-3000,20
3846,8_R-3000,21
3847,8_R-3000,22
3848,8_R-3000-D,19
3849,8_R-3000-D,20
3850,8_R-3000-D,4
3851,8_R-3000-D,5
3852,9_C,12
3853,9_C,13
3854,9_C,14
3855,9_C,16
3856,9_C,19
3857,9_C,2
3858,9_C,20
3859,9_C,21
3860,9_C,4
3861,9_C,5
3862,9_C,6
3863,9_C,7
3864,9_CIVIC CENTER,16
3865,9_CIVIC CENTER,21
3866,9_CIVIC CENTER,5
3867,9_CM,2
3868,9_CM,4
3869,9_CM,5
3870,9_CM,6
3871,9_CM,7
3872,9_CN,14
3873,9_CN,19
3874,9_CN,20
3875,9_CN,21
3876,9_CN,4
3877,9_CN,5
3878,9_CN,7
3879,9_M,2
3880,9_M,21
3881,9_M,4
3882,9_M,5
3883,9_M,6
3884,9_MacArthur,14
3885,9_MacArthur,15
3886,9_R1,12
3887,9_R1,13
3888,9_R1,15
3889,9_R1,16
3890,9_R1,19
3891,9_R1,2
3892,9_R1,20
3893,9_R1,21
3894,9_R1,22
3895,9_R1,4
3896,9_R1,5
3897,9_R1,8
3898,9_R1,9
3899,9_R1A,15
3900,9_R1A,19
3901,9_R1A,20
3902,9_R1A,21
3903,9_R1E,19
3904,9_R1E,20
3905,9_R1R,19
3906,9_R1R,20
3907,9_R1S,12
3908,9_R1S,13
3909,9_R1S,15
3910,9_R1S,16
3911,9_R1S,19
3912,9_R1S,2
3913,9_R1S,20
3914,9_R1S,21
3915,9_R1S,4
3916,9_R1S,5
3917,9_R1S,6
3918,9_R2,15
3919,9_R2,19
3920,9_R2,20
3921,9_R2,21
3922,9_R2,4
3923,9_R2,5
3924,9_R3,12
3925,9_R3,13
3926,9_R3,15
3927,9_R3,16
3928,9_R3,19
3929,9_R3,2
3930,9_R3,20
3931,9_R3,21
3932,9_R3,22
3933,9_R3,4
3934,9_R3,5
3935,9_R3,6
3936,9_R3,8
3937,9_RB,12
3938,9_RB,13
3939,9_RB,15
3940,9_RB,16
3941,9_RB,19
3942,9_RB,2
3943,9_RB,20
3944,9_RB,21
3945,9_RB,4
3946,9_RB,5
3947,9_RB,6
3948,9_RB,8
3963,4_R1-40,19
3964,4_R1-14,19
3965,4_R1-10,19
3966,4_R1-10B,19
3967,4_R1-15,19
3968,4_R1-15B,19
3969,4_R1-East,19
3970,4_R1-West,19
3971,4_R1-Central,19
3972,4_R1-South,19
3973,4_CVPP,19
